ts,open,high,low,close,volume
1763834815,1.08,1.08079,1.07967,1.08067,107
1763834875,1.08067,1.08104,1.07992,1.08024,112
1763834935,1.08024,1.08109,1.08021,1.08084,134
1763834995,1.08084,1.08104,1.08039,1.08076,155
1763835055,1.08076,1.08094,1.08047,1.0807,163
1763835115,1.0807,1.0808,1.08046,1.08062,172
1763835175,1.08062,1.08088,1.08059,1.08079,128
1763835235,1.08079,1.0808,1.0806,1.08079,98
1763835295,1.08079,1.0819,1.08072,1.08153,192
1763835355,1.08153,1.08155,1.08116,1.08122,70
1763835415,1.08122,1.08152,1.08063,1.08088,100
1763835475,1.08088,1.08128,1.08078,1.08109,91
1763835535,1.08109,1.08205,1.08071,1.08166,183
1763835595,1.08166,1.08193,1.08071,1.08102,149
1763835655,1.08102,1.08137,1.08079,1.08126,158
1763835715,1.08126,1.08198,1.08107,1.08184,179
1763835775,1.08184,1.08187,1.08156,1.08159,187
1763835835,1.08159,1.08173,1.08057,1.08084,149
1763835895,1.08084,1.08094,1.08015,1.08055,139
1763835955,1.08055,1.08094,1.07963,1.07999,198
1763836015,1.07999,1.08047,1.07961,1.08023,120
1763836075,1.08023,1.08109,1.07983,1.08099,110
1763836135,1.08099,1.08111,1.08055,1.08081,32
1763836195,1.08081,1.08108,1.08047,1.08099,84
1763836255,1.08099,1.08138,1.08084,1.08104,61
1763836315,1.08104,1.08135,1.08034,1.08068,48
1763836375,1.08068,1.0807,1.07981,1.08014,81
1763836435,1.08014,1.08045,1.07975,1.08015,120
1763836495,1.08015,1.08036,1.07978,1.08036,164
1763836555,1.08036,1.08056,1.07957,1.07986,138
1763836615,1.07986,1.08042,1.07949,1.08035,155
1763836675,1.08035,1.08073,1.07975,1.07984,193
1763836735,1.07984,1.08004,1.07914,1.07937,177
1763836795,1.07937,1.07944,1.07924,1.07928,128
1763836855,1.07928,1.07951,1.07833,1.07858,89
1763836915,1.07858,1.07892,1.0783,1.07848,153
1763836975,1.07848,1.07862,1.07779,1.07784,44
1763837035,1.07784,1.07889,1.07767,1.0786,174
1763837095,1.0786,1.07885,1.07827,1.07832,70
1763837155,1.07832,1.07874,1.0782,1.07839,184
1763837215,1.07839,1.07872,1.07815,1.07864,158
1763837275,1.07864,1.079,1.07849,1.07879,89
1763837335,1.07879,1.07897,1.07816,1.07835,49
1763837395,1.07835,1.07901,1.07823,1.07882,134
1763837455,1.07882,1.07908,1.07832,1.07849,119
1763837515,1.07849,1.07874,1.07814,1.07821,58
1763837575,1.07821,1.07849,1.07762,1.07765,145
1763837635,1.07765,1.07819,1.07736,1.07815,96
1763837695,1.07815,1.07851,1.0778,1.07836,64
1763837755,1.07836,1.07837,1.07758,1.07783,162
1763837815,1.07783,1.07851,1.07754,1.07827,67
1763837875,1.07827,1.0786,1.07816,1.07834,139
1763837935,1.07834,1.07897,1.07803,1.07876,51
1763837995,1.07876,1.07876,1.07809,1.07843,96
1763838055,1.07843,1.07869,1.07799,1.07827,195
1763838115,1.07827,1.07857,1.0779,1.07842,14
1763838175,1.07842,1.07877,1.0776,1.07763,100
1763838235,1.07763,1.07838,1.07731,1.07808,136
1763838295,1.07808,1.07815,1.07772,1.07783,178
1763838355,1.07783,1.07808,1.07678,1.07717,108
1763838415,1.07717,1.07784,1.07701,1.0775,92
1763838475,1.0775,1.07763,1.07677,1.07685,162
1763838535,1.07685,1.07723,1.07656,1.07717,116
1763838595,1.07717,1.07799,1.07678,1.07762,58
1763838655,1.07762,1.07785,1.07727,1.07728,116
1763838715,1.07728,1.07753,1.07693,1.0775,132
1763838775,1.0775,1.07762,1.0767,1.07676,87
1763838835,1.07676,1.07744,1.07654,1.07738,121
1763838895,1.07738,1.07746,1.07679,1.07707,127
1763838955,1.07707,1.0772,1.07591,1.07628,154
1763839015,1.07628,1.07666,1.0755,1.07573,114
1763839075,1.07573,1.07609,1.07556,1.07592,168
1763839135,1.07592,1.07629,1.07555,1.07615,173
1763839195,1.07615,1.07625,1.07609,1.07623,153
1763839255,1.07623,1.07627,1.07537,1.0757,83
1763839315,1.0757,1.07661,1.07563,1.07627,42
1763839375,1.07627,1.07657,1.07543,1.07571,157
1763839435,1.07571,1.07683,1.07541,1.07651,39
1763839495,1.07651,1.07669,1.07619,1.07636,113
1763839555,1.07636,1.07637,1.07524,1.07562,120
1763839615,1.07562,1.07648,1.07544,1.07617,138
1763839675,1.07617,1.07688,1.07581,1.07675,47
1763839735,1.07675,1.07745,1.07663,1.07708,92
1763839795,1.07708,1.07716,1.07657,1.07686,47
1763839855,1.07686,1.07725,1.07653,1.07723,36
1763839915,1.07723,1.07785,1.07712,1.07756,55
1763839975,1.07756,1.07758,1.07675,1.07705,65
1763840035,1.07705,1.07746,1.07694,1.07723,152
1763840095,1.07723,1.07745,1.07702,1.0773,198
1763840155,1.0773,1.07793,1.07715,1.07759,141
1763840215,1.07759,1.07795,1.07691,1.07722,185
1763840275,1.07722,1.07768,1.07722,1.07748,60
1763840335,1.07748,1.07768,1.0772,1.07736,121
1763840395,1.07736,1.07815,1.07721,1.07797,152
1763840455,1.07797,1.0781,1.07739,1.07763,68
1763840515,1.07763,1.07815,1.07738,1.07798,69
1763840575,1.07798,1.07838,1.07798,1.07812,112
1763840635,1.07812,1.07884,1.07793,1.0785,118
1763840695,1.0785,1.07886,1.07819,1.07854,63
1763840755,1.07854,1.07881,1.0784,1.07845,43
1763840815,1.07845,1.07853,1.07769,1.07779,118
1763840875,1.07779,1.07805,1.07739,1.07747,89
1763840935,1.07747,1.07827,1.07726,1.0782,74
1763840995,1.0782,1.07841,1.07738,1.07768,20
1763841055,1.07768,1.07861,1.07745,1.07845,82
1763841115,1.07845,1.07875,1.07811,1.07842,113
1763841175,1.07842,1.07928,1.07806,1.07918,169
1763841235,1.07918,1.08001,1.0788,1.0798,144
1763841295,1.0798,1.07994,1.07945,1.07967,97
1763841355,1.07967,1.07967,1.0789,1.07908,170
1763841415,1.07908,1.07915,1.07857,1.0789,94
1763841475,1.0789,1.07967,1.07883,1.07953,81
1763841535,1.07953,1.0798,1.07859,1.07887,80
1763841595,1.07887,1.07895,1.07867,1.07892,170
1763841655,1.07892,1.07896,1.07825,1.07864,169
1763841715,1.07864,1.0792,1.07831,1.07885,191
1763841775,1.07885,1.07922,1.0785,1.07914,93
1763841835,1.07914,1.07954,1.07882,1.07942,34
1763841895,1.07942,1.07979,1.07932,1.0794,143
1763841955,1.0794,1.08002,1.07902,1.07988,42
1763842015,1.07988,1.08004,1.07946,1.07963,69
1763842075,1.07963,1.07965,1.07934,1.0794,191
1763842135,1.0794,1.07947,1.07909,1.0793,156
1763842195,1.0793,1.0801,1.07916,1.0799,189
1763842255,1.0799,1.08098,1.07977,1.08059,174
1763842315,1.08059,1.08094,1.08001,1.08015,182
1763842375,1.08015,1.0802,1.07936,1.0796,96
1763842435,1.0796,1.07991,1.0794,1.07968,84
1763842495,1.07968,1.07983,1.07929,1.07934,101
1763842555,1.07934,1.07934,1.07857,1.07857,91
1763842615,1.07857,1.07927,1.07845,1.07924,191
1763842675,1.07924,1.08009,1.07903,1.07995,184
1763842735,1.07995,1.08008,1.07943,1.07953,139
1763842795,1.07953,1.08035,1.07952,1.08011,15
1763842855,1.08011,1.08043,1.07986,1.08037,34
1763842915,1.08037,1.08098,1.08018,1.08069,161
1763842975,1.08069,1.0813,1.08032,1.08104,138
1763843035,1.08104,1.08184,1.08084,1.08164,162
1763843095,1.08164,1.08181,1.08145,1.08172,27
1763843155,1.08172,1.08225,1.08139,1.08222,65
1763843215,1.08222,1.08295,1.08216,1.08279,20
1763843275,1.08279,1.08367,1.08277,1.08346,40
1763843335,1.08346,1.08381,1.08315,1.08353,146
1763843395,1.08353,1.08371,1.08293,1.08321,171
1763843455,1.08321,1.08352,1.08317,1.08319,178
1763843515,1.08319,1.08333,1.0826,1.08266,112
1763843575,1.08266,1.08269,1.08243,1.08252,80
1763843635,1.08252,1.08275,1.0824,1.08246,119
1763843695,1.08246,1.08298,1.0824,1.0828,174
1763843755,1.0828,1.08316,1.08244,1.08283,171
1763843815,1.08283,1.08372,1.08282,1.08341,54
1763843875,1.08341,1.0837,1.0832,1.0836,71
1763843935,1.0836,1.08463,1.08353,1.08431,112
1763843995,1.08431,1.08467,1.08315,1.08354,67
1763844055,1.08354,1.08393,1.0834,1.08393,97
1763844115,1.08393,1.08479,1.08392,1.08462,15
1763844175,1.08462,1.08491,1.08437,1.08447,29
1763844235,1.08447,1.08463,1.08349,1.08383,43
1763844295,1.08383,1.08459,1.08372,1.08427,10
1763844355,1.08427,1.08487,1.08393,1.08473,196
1763844415,1.08473,1.08555,1.08468,1.08521,181
1763844475,1.08521,1.08574,1.0851,1.08537,123
1763844535,1.08537,1.08612,1.0851,1.08593,22
1763844595,1.08593,1.0861,1.08488,1.08519,152
1763844655,1.08519,1.0854,1.08478,1.08496,137
1763844715,1.08496,1.08496,1.08429,1.08433,120
1763844775,1.08433,1.08505,1.08414,1.08495,106
1763844835,1.08495,1.08507,1.08442,1.08475,84
1763844895,1.08475,1.0849,1.0842,1.08422,101
1763844955,1.08422,1.08491,1.084,1.08485,101
1763845015,1.08485,1.08589,1.08472,1.0856,79
1763845075,1.0856,1.08582,1.08481,1.08492,65
1763845135,1.08492,1.08572,1.08488,1.08542,48
1763845195,1.08542,1.08566,1.08514,1.08554,103
1763845255,1.08554,1.08565,1.08469,1.08491,67
1763845315,1.08491,1.08584,1.0847,1.08555,194
1763845375,1.08555,1.08627,1.0854,1.08619,159
1763845435,1.08619,1.08645,1.0853,1.08559,98
1763845495,1.08559,1.08636,1.08527,1.08631,18
1763845555,1.08631,1.08702,1.08597,1.08683,63
1763845615,1.08683,1.08696,1.08648,1.08666,129
1763845675,1.08666,1.08694,1.08645,1.08681,199
1763845735,1.08681,1.08685,1.08655,1.08676,151
1763845795,1.08676,1.0868,1.08602,1.08638,178
1763845855,1.08638,1.08655,1.08557,1.0858,146
1763845915,1.0858,1.08609,1.0854,1.08573,132
1763845975,1.08573,1.08666,1.08549,1.08633,38
1763846035,1.08633,1.08686,1.08626,1.08674,100
1763846095,1.08674,1.08678,1.08608,1.0862,99
1763846155,1.0862,1.08645,1.08591,1.08634,85
1763846215,1.08634,1.08721,1.08596,1.08706,197
1763846275,1.08706,1.08711,1.08601,1.08639,69
1763846335,1.08639,1.08687,1.08611,1.08656,21
1763846395,1.08656,1.08695,1.08587,1.08616,26
1763846455,1.08616,1.08648,1.08521,1.08544,76
1763846515,1.08544,1.08575,1.08543,1.08565,148
1763846575,1.08565,1.08568,1.0851,1.08542,148
1763846635,1.08542,1.08589,1.08514,1.08576,123
1763846695,1.08576,1.08625,1.08574,1.08617,167
1763846755,1.08617,1.08715,1.08612,1.08677,150
1763846815,1.08677,1.0875,1.08642,1.08722,167
1763846875,1.08722,1.08758,1.08642,1.08677,116
1763846935,1.08677,1.08678,1.08569,1.08603,188
1763846995,1.08603,1.08673,1.08574,1.08645,71
1763847055,1.08645,1.0871,1.0863,1.08678,130
1763847115,1.08678,1.08737,1.08655,1.08705,90
1763847175,1.08705,1.08736,1.08668,1.08684,180
1763847235,1.08684,1.08721,1.08608,1.08614,38
1763847295,1.08614,1.08664,1.08596,1.08662,108
1763847355,1.08662,1.08747,1.08658,1.08742,198
1763847415,1.08742,1.08824,1.08704,1.08796,158
1763847475,1.08796,1.08807,1.08745,1.08765,89
1763847535,1.08765,1.08784,1.08735,1.08757,80
1763847595,1.08757,1.08791,1.08713,1.08733,127
1763847655,1.08733,1.08771,1.08719,1.08732,136
1763847715,1.08732,1.0876,1.08726,1.0876,23
1763847775,1.0876,1.08764,1.08719,1.08745,129
1763847835,1.08745,1.08773,1.08725,1.08736,49
1763847895,1.08736,1.08743,1.08695,1.08716,164
1763847955,1.08716,1.088,1.08679,1.08779,18
1763848015,1.08779,1.08833,1.08769,1.08806,42
1763848075,1.08806,1.08822,1.08751,1.08752,21
1763848135,1.08752,1.08773,1.08748,1.08772,136
1763848195,1.08772,1.08788,1.08704,1.08728,152
1763848255,1.08728,1.08755,1.0869,1.08744,58
1763848315,1.08744,1.0875,1.08651,1.08677,133
1763848375,1.08677,1.08751,1.08651,1.0873,145
1763848435,1.0873,1.08755,1.08649,1.08678,175
1763848495,1.08678,1.08772,1.08646,1.08752,199
1763848555,1.08752,1.08765,1.08649,1.08689,27
1763848615,1.08689,1.08696,1.08671,1.08685,42
1763848675,1.08685,1.08768,1.08661,1.08765,86
1763848735,1.08765,1.08775,1.08756,1.08771,101
1763848795,1.08771,1.08812,1.08737,1.08786,85
1763848855,1.08786,1.08844,1.08768,1.08835,151
1763848915,1.08835,1.08897,1.08808,1.08872,26
1763848975,1.08872,1.08978,1.08852,1.08947,119
1763849035,1.08947,1.08973,1.08926,1.08929,38
1763849095,1.08929,1.08984,1.08925,1.08959,13
1763849155,1.08959,1.08974,1.08902,1.08912,115
1763849215,1.08912,1.08955,1.08885,1.08942,118
1763849275,1.08942,1.08959,1.08854,1.08886,134
1763849335,1.08886,1.08944,1.08864,1.08911,153
1763849395,1.08911,1.08928,1.08842,1.0887,156
1763849455,1.0887,1.08877,1.08772,1.08802,180
1763849515,1.08802,1.08863,1.088,1.08833,108
1763849575,1.08833,1.08838,1.08808,1.0883,190
1763849635,1.0883,1.08854,1.08796,1.08797,117
1763849695,1.08797,1.08816,1.08774,1.08779,194
1763849755,1.08779,1.08801,1.0871,1.08726,164
1763849815,1.08726,1.08766,1.08701,1.08753,54
1763849875,1.08753,1.08776,1.08721,1.08732,133
1763849935,1.08732,1.08735,1.08638,1.08677,13
1763849995,1.08677,1.08752,1.08677,1.08743,136
1763850055,1.08743,1.0877,1.08705,1.08732,20
1763850115,1.08732,1.08739,1.08661,1.0868,199
1763850175,1.0868,1.08747,1.08642,1.0874,106
1763850235,1.0874,1.08757,1.08695,1.08723,83
1763850295,1.08723,1.08746,1.08687,1.08717,163
1763850355,1.08717,1.0879,1.08686,1.08777,53
1763850415,1.08777,1.08832,1.08742,1.08819,186
1763850475,1.08819,1.08851,1.08709,1.08742,169
1763850535,1.08742,1.08751,1.08676,1.08684,111
1763850595,1.08684,1.08716,1.08611,1.08637,88
1763850655,1.08637,1.08741,1.08628,1.08707,31
1763850715,1.08707,1.08737,1.08635,1.08645,124
1763850775,1.08645,1.08664,1.08636,1.08649,10
1763850835,1.08649,1.08727,1.08613,1.08703,167
1763850895,1.08703,1.08728,1.08652,1.08677,107
1763850955,1.08677,1.08709,1.08656,1.08692,78
1763851015,1.08692,1.08704,1.08623,1.0863,110
1763851075,1.0863,1.08649,1.08519,1.08555,181
1763851135,1.08555,1.086,1.08516,1.08563,192
1763851195,1.08563,1.08583,1.08489,1.08523,148
1763851255,1.08523,1.08566,1.08518,1.08531,75
1763851315,1.08531,1.0855,1.08488,1.08494,28
1763851375,1.08494,1.08509,1.0844,1.08443,163
1763851435,1.08443,1.08482,1.0834,1.08376,78
1763851495,1.08376,1.08402,1.08347,1.08364,153
1763851555,1.08364,1.08372,1.0831,1.08347,51
1763851615,1.08347,1.08432,1.08331,1.08412,98
1763851675,1.08412,1.08425,1.08328,1.08351,150
1763851735,1.08351,1.08372,1.0831,1.08338,88
1763851795,1.08338,1.08367,1.0825,1.08287,41
1763851855,1.08287,1.08314,1.08274,1.08314,15
1763851915,1.08314,1.08383,1.08284,1.08378,131
1763851975,1.08378,1.08416,1.08341,1.08393,89
1763852035,1.08393,1.08432,1.08358,1.08379,120
1763852095,1.08379,1.08442,1.0836,1.08407,131
1763852155,1.08407,1.08431,1.08397,1.08399,16
1763852215,1.08399,1.08406,1.08326,1.08344,167
1763852275,1.08344,1.08403,1.08327,1.08402,68
1763852335,1.08402,1.08408,1.08322,1.08335,129
1763852395,1.08335,1.08341,1.08254,1.0826,91
1763852455,1.0826,1.08303,1.08246,1.08285,112
1763852515,1.08285,1.08305,1.08259,1.08303,76
1763852575,1.08303,1.08338,1.08207,1.08237,12
1763852635,1.08237,1.08256,1.08214,1.08247,29
1763852695,1.08247,1.08254,1.0818,1.08212,40
1763852755,1.08212,1.0825,1.08209,1.08234,104
1763852815,1.08234,1.08257,1.08188,1.08215,112
1763852875,1.08215,1.08229,1.08166,1.08185,32
1763852935,1.08185,1.08188,1.08102,1.08124,132
1763852995,1.08124,1.08162,1.08071,1.08076,56
1763853055,1.08076,1.08128,1.08049,1.08118,180
1763853115,1.08118,1.08139,1.08055,1.08066,39
1763853175,1.08066,1.0817,1.08043,1.08135,146
1763853235,1.08135,1.08217,1.08099,1.08211,188
1763853295,1.08211,1.08224,1.08142,1.08171,100
1763853355,1.08171,1.08201,1.08128,1.08166,152
1763853415,1.08166,1.08178,1.08081,1.08118,101
1763853475,1.08118,1.08166,1.08082,1.08128,185
1763853535,1.08128,1.08154,1.08062,1.08066,107
1763853595,1.08066,1.08165,1.08029,1.08137,74
1763853655,1.08137,1.08157,1.08095,1.08134,23
1763853715,1.08134,1.08142,1.08074,1.08083,125
1763853775,1.08083,1.08155,1.08079,1.08118,55
1763853835,1.08118,1.08121,1.08032,1.08061,76
1763853895,1.08061,1.08101,1.07998,1.08021,67
1763853955,1.08021,1.08027,1.07963,1.07987,108
1763854015,1.07987,1.08025,1.07899,1.0793,166
1763854075,1.0793,1.07939,1.07886,1.07924,22
1763854135,1.07924,1.07944,1.07848,1.07869,171
1763854195,1.07869,1.07951,1.07838,1.07936,131
1763854255,1.07936,1.07956,1.07849,1.07882,34
1763854315,1.07882,1.07902,1.07849,1.07869,177
1763854375,1.07869,1.0788,1.07816,1.07816,33
1763854435,1.07816,1.07853,1.07732,1.07769,78
1763854495,1.07769,1.07783,1.07673,1.07707,155
1763854555,1.07707,1.07727,1.07678,1.07697,50
1763854615,1.07697,1.07746,1.07658,1.07717,181
1763854675,1.07717,1.0775,1.07647,1.07676,148
1763854735,1.07676,1.07706,1.07651,1.07653,179
1763854795,1.07653,1.07671,1.07635,1.0764,191
1763854855,1.0764,1.07654,1.07569,1.07577,140
1763854915,1.07577,1.07654,1.07556,1.07615,195
1763854975,1.07615,1.07637,1.07535,1.07558,117
1763855035,1.07558,1.07594,1.07474,1.07507,145
1763855095,1.07507,1.07526,1.07461,1.07469,67
1763855155,1.07469,1.07508,1.07449,1.07456,146
1763855215,1.07456,1.07494,1.07412,1.07427,25
1763855275,1.07427,1.07478,1.07395,1.07439,144
1763855335,1.07439,1.07465,1.0741,1.07414,118
1763855395,1.07414,1.07445,1.07335,1.07354,171
1763855455,1.07354,1.07406,1.07345,1.07371,126
1763855515,1.07371,1.07409,1.07349,1.07359,200
1763855575,1.07359,1.07361,1.0729,1.07318,197
1763855635,1.07318,1.07319,1.07254,1.07288,118
1763855695,1.07288,1.07349,1.07258,1.07339,128
1763855755,1.07339,1.0745,1.07311,1.07419,137
1763855815,1.07419,1.07498,1.0739,1.07478,112
1763855875,1.07478,1.0753,1.07442,1.07501,90
1763855935,1.07501,1.07513,1.07482,1.07485,63
1763855995,1.07485,1.07567,1.07452,1.07559,117
1763856055,1.07559,1.0764,1.07527,1.07624,150
1763856115,1.07624,1.07655,1.07576,1.07581,161
1763856175,1.07581,1.0765,1.0755,1.07629,150
1763856235,1.07629,1.07666,1.07586,1.07603,168
1763856295,1.07603,1.0762,1.07585,1.07586,27
1763856355,1.07586,1.07616,1.07506,1.07511,200
1763856415,1.07511,1.07561,1.07487,1.07525,71
1763856475,1.07525,1.07536,1.07499,1.07526,167
1763856535,1.07526,1.07534,1.07505,1.07514,92
1763856595,1.07514,1.07546,1.07462,1.07478,69
1763856655,1.07478,1.07571,1.07445,1.07533,82
1763856715,1.07533,1.07587,1.07512,1.07556,118
1763856775,1.07556,1.07558,1.07477,1.07483,33
1763856835,1.07483,1.07523,1.07454,1.07491,143
1763856895,1.07491,1.07575,1.07457,1.07541,102
1763856955,1.07541,1.07553,1.07502,1.07516,132
1763857015,1.07516,1.07564,1.07502,1.07551,141
1763857075,1.07551,1.07559,1.07539,1.07554,57
1763857135,1.07554,1.07634,1.0753,1.07609,193
1763857195,1.07609,1.07612,1.07562,1.07589,104
1763857255,1.07589,1.07593,1.07538,1.07551,36
1763857315,1.07551,1.07589,1.07465,1.07485,111
1763857375,1.07485,1.07502,1.07426,1.07465,130
1763857435,1.07465,1.07569,1.07427,1.07535,190
1763857495,1.07535,1.07632,1.07521,1.0761,53
1763857555,1.0761,1.07705,1.07597,1.07685,93
1763857615,1.07685,1.07702,1.07601,1.07641,91
1763857675,1.07641,1.0765,1.07586,1.07624,74
1763857735,1.07624,1.07659,1.07569,1.07571,72
1763857795,1.07571,1.07573,1.07512,1.07516,150
1763857855,1.07516,1.07541,1.07482,1.07486,40
1763857915,1.07486,1.07563,1.07476,1.07527,174
1763857975,1.07527,1.07586,1.07502,1.07574,25
1763858035,1.07574,1.0758,1.07527,1.07566,68
1763858095,1.07566,1.07604,1.07464,1.07502,191
1763858155,1.07502,1.0752,1.07463,1.07508,196
1763858215,1.07508,1.07539,1.07463,1.07486,187
1763858275,1.07486,1.07556,1.07485,1.07537,163
1763858335,1.07537,1.0754,1.0747,1.07501,112
1763858395,1.07501,1.07503,1.07486,1.07498,113
1763858455,1.07498,1.0758,1.07482,1.07578,74
1763858515,1.07578,1.076,1.07518,1.07519,119
1763858575,1.07519,1.07555,1.07484,1.07535,138
1763858635,1.07535,1.07644,1.07502,1.07611,33
1763858695,1.07611,1.0765,1.07586,1.07599,11
1763858755,1.07599,1.07602,1.07568,1.0757,73
1763858815,1.0757,1.07605,1.07496,1.07497,136
1763858875,1.07497,1.07548,1.07492,1.07522,69
1763858935,1.07522,1.07527,1.075,1.07517,116
1763858995,1.07517,1.07536,1.0745,1.07465,68
1763859055,1.07465,1.07498,1.07398,1.07426,86
1763859115,1.07426,1.07463,1.07407,1.07435,165
1763859175,1.07435,1.07476,1.07434,1.07456,138
1763859235,1.07456,1.07461,1.07443,1.07447,86
1763859295,1.07447,1.07513,1.07439,1.07475,147
1763859355,1.07475,1.07496,1.0742,1.07459,111
1763859415,1.07459,1.07486,1.07427,1.07451,58
1763859475,1.07451,1.07504,1.07445,1.07483,150
1763859535,1.07483,1.07523,1.07448,1.0752,145
1763859595,1.0752,1.07531,1.07517,1.07526,186
1763859655,1.07526,1.07599,1.07491,1.07589,150
1763859715,1.07589,1.07644,1.07559,1.07629,151
1763859775,1.07629,1.07726,1.07604,1.07704,71
1763859835,1.07704,1.07761,1.07699,1.07759,90
1763859895,1.07759,1.07798,1.07685,1.07723,12
1763859955,1.07723,1.07736,1.07636,1.07657,75
1763860015,1.07657,1.07722,1.07627,1.07714,64
1763860075,1.07714,1.07746,1.07649,1.07651,31
1763860135,1.07651,1.07708,1.07646,1.07694,129
1763860195,1.07694,1.07714,1.0759,1.07625,32
1763860255,1.07625,1.07713,1.0759,1.0769,106
1763860315,1.0769,1.07738,1.07664,1.0773,178
1763860375,1.0773,1.07743,1.07635,1.07652,196
1763860435,1.07652,1.07661,1.07571,1.07574,164
1763860495,1.07574,1.07598,1.07556,1.07587,139
1763860555,1.07587,1.07611,1.07567,1.07598,164
1763860615,1.07598,1.07626,1.07529,1.07541,145
1763860675,1.07541,1.07637,1.07508,1.07616,98
1763860735,1.07616,1.07656,1.0756,1.07573,141
1763860795,1.07573,1.07598,1.075,1.07503,51
1763860855,1.07503,1.07543,1.07471,1.07538,112
1763860915,1.07538,1.0757,1.07504,1.07517,64
1763860975,1.07517,1.07536,1.0743,1.07453,16
1763861035,1.07453,1.07495,1.07426,1.07461,136
1763861095,1.07461,1.07533,1.07449,1.07517,167
1763861155,1.07517,1.07523,1.0742,1.0746,142
1763861215,1.0746,1.07487,1.07395,1.07398,156
1763861275,1.07398,1.07497,1.07374,1.07462,21
1763861335,1.07462,1.07471,1.07404,1.07432,11
1763861395,1.07432,1.075,1.07428,1.0749,174
1763861455,1.0749,1.07501,1.074,1.07432,186
1763861515,1.07432,1.07534,1.0743,1.075,122
1763861575,1.075,1.07577,1.07489,1.07573,54
1763861635,1.07573,1.07625,1.07567,1.07617,180
1763861695,1.07617,1.07639,1.07611,1.07619,143
1763861755,1.07619,1.07621,1.07543,1.07571,74
1763861815,1.07571,1.07572,1.07496,1.07512,54
1763861875,1.07512,1.07532,1.07495,1.07519,71
1763861935,1.07519,1.07569,1.07495,1.07563,71
1763861995,1.07563,1.07575,1.07514,1.07527,122
1763862055,1.07527,1.07543,1.0742,1.07448,97
1763862115,1.07448,1.07486,1.07411,1.07481,147
1763862175,1.07481,1.07522,1.07462,1.07491,63
1763862235,1.07491,1.07592,1.07455,1.07565,167
1763862295,1.07565,1.07584,1.07504,1.0752,77
1763862355,1.0752,1.07548,1.07483,1.07524,177
1763862415,1.07524,1.07528,1.07437,1.07451,132
1763862475,1.07451,1.07457,1.07392,1.07392,16
1763862535,1.07392,1.07393,1.07373,1.07387,191
1763862595,1.07387,1.07434,1.07373,1.07421,44
1763862655,1.07421,1.075,1.07389,1.07492,144
1763862715,1.07492,1.0753,1.07397,1.07419,100
1763862775,1.07419,1.07468,1.07393,1.07465,195
1763862835,1.07465,1.07534,1.07453,1.07526,76
1763862895,1.07526,1.07572,1.075,1.07564,22
1763862955,1.07564,1.07599,1.07521,1.0753,195
1763863015,1.0753,1.07543,1.07447,1.07479,130
1763863075,1.07479,1.07499,1.07401,1.07406,143
1763863135,1.07406,1.07443,1.07363,1.07395,105
1763863195,1.07395,1.07398,1.07329,1.07344,184
1763863255,1.07344,1.07413,1.07319,1.07412,21
1763863315,1.07412,1.07447,1.07393,1.07433,152
1763863375,1.07433,1.07438,1.07345,1.07382,141
1763863435,1.07382,1.07429,1.07375,1.07416,58
1763863495,1.07416,1.07417,1.07369,1.07372,148
1763863555,1.07372,1.07386,1.07359,1.07374,17
1763863615,1.07374,1.07413,1.07303,1.07319,192
1763863675,1.07319,1.07348,1.07292,1.07325,97
1763863735,1.07325,1.07408,1.07297,1.07403,199
1763863795,1.07403,1.07433,1.07349,1.07354,47
1763863855,1.07354,1.07361,1.0728,1.073,174
1763863915,1.073,1.07341,1.07273,1.07334,144
1763863975,1.07334,1.07367,1.07309,1.07319,88
1763864035,1.07319,1.07403,1.07286,1.07378,26
1763864095,1.07378,1.07379,1.07341,1.07357,46
1763864155,1.07357,1.07419,1.07324,1.07416,161
1763864215,1.07416,1.07432,1.07377,1.07416,51
1763864275,1.07416,1.0748,1.07388,1.07469,111
1763864335,1.07469,1.0747,1.07361,1.07398,93
1763864395,1.07398,1.07416,1.07365,1.07406,105
1763864455,1.07406,1.07428,1.07338,1.07378,141
1763864515,1.07378,1.07405,1.07306,1.07321,174
1763864575,1.07321,1.07333,1.07275,1.07295,160
1763864635,1.07295,1.07343,1.07279,1.07333,173
1763864695,1.07333,1.07338,1.07222,1.0726,12
1763864755,1.0726,1.07268,1.07195,1.07203,71
1763864815,1.07203,1.07242,1.07155,1.07168,165
1763864875,1.07168,1.07202,1.07061,1.07097,147
1763864935,1.07097,1.07158,1.07062,1.07145,135
1763864995,1.07145,1.07182,1.07049,1.07075,65
1763865055,1.07075,1.07085,1.07025,1.07044,81
1763865115,1.07044,1.0708,1.07012,1.07038,139
1763865175,1.07038,1.07082,1.07001,1.07044,75
1763865235,1.07044,1.07071,1.06953,1.06986,182
1763865295,1.06986,1.07028,1.06976,1.07014,91
1763865355,1.07014,1.07086,1.06982,1.0708,80
1763865415,1.0708,1.07086,1.07063,1.07085,131
1763865475,1.07085,1.07129,1.07078,1.07123,139
1763865535,1.07123,1.07156,1.07089,1.07099,178
1763865595,1.07099,1.07119,1.07051,1.07055,16
1763865655,1.07055,1.07062,1.0699,1.07011,36
1763865715,1.07011,1.07028,1.06924,1.0696,50
1763865775,1.0696,1.07007,1.06924,1.06989,62
1763865835,1.06989,1.07012,1.06936,1.06952,194
1763865895,1.06952,1.06993,1.06921,1.06979,12
1763865955,1.06979,1.07046,1.06942,1.07026,41
1763866015,1.07026,1.07053,1.0701,1.07016,30
1763866075,1.07016,1.07079,1.06981,1.07046,22
1763866135,1.07046,1.07109,1.07031,1.07078,164
1763866195,1.07078,1.07085,1.06982,1.07002,21
1763866255,1.07002,1.07107,1.06963,1.07069,55
1763866315,1.07069,1.07142,1.07067,1.07131,108
1763866375,1.07131,1.07138,1.07053,1.07091,145
1763866435,1.07091,1.07099,1.07021,1.07053,172
1763866495,1.07053,1.0709,1.07025,1.07061,121
1763866555,1.07061,1.07069,1.06977,1.06985,162
1763866615,1.06985,1.06992,1.06961,1.06989,126
1763866675,1.06989,1.07101,1.06972,1.07066,57
1763866735,1.07066,1.07093,1.0704,1.07078,26
1763866795,1.07078,1.07124,1.07073,1.07122,59
1763866855,1.07122,1.07141,1.07058,1.07086,42
1763866915,1.07086,1.07121,1.06987,1.07013,171
1763866975,1.07013,1.07033,1.06943,1.06954,42
1763867035,1.06954,1.07047,1.06927,1.07008,194
1763867095,1.07008,1.07042,1.06931,1.06954,74
1763867155,1.06954,1.06957,1.06905,1.06924,76
1763867215,1.06924,1.07008,1.06913,1.06998,121
1763867275,1.06998,1.07004,1.06897,1.06927,102
1763867335,1.06927,1.06959,1.06836,1.06872,114
1763867395,1.06872,1.06899,1.06857,1.06857,94
1763867455,1.06857,1.06866,1.06819,1.06836,42
1763867515,1.06836,1.06844,1.06799,1.06838,36
1763867575,1.06838,1.06839,1.06752,1.06791,141
1763867635,1.06791,1.06806,1.06699,1.06734,19
1763867695,1.06734,1.06804,1.06694,1.06776,41
1763867755,1.06776,1.06793,1.06734,1.0676,138
1763867815,1.0676,1.06776,1.06718,1.06741,146
1763867875,1.06741,1.06748,1.06658,1.06697,41
1763867935,1.06697,1.0673,1.06694,1.0671,84
1763867995,1.0671,1.06723,1.06702,1.06702,137
1763868055,1.06702,1.06726,1.06612,1.06649,169
1763868115,1.06649,1.06679,1.0661,1.06656,160
1763868175,1.06656,1.06657,1.06635,1.06655,123
1763868235,1.06655,1.06728,1.06652,1.06712,50
1763868295,1.06712,1.06784,1.06682,1.06769,164
1763868355,1.06769,1.06843,1.06733,1.06814,168
1763868415,1.06814,1.06845,1.06801,1.06806,180
1763868475,1.06806,1.0681,1.06774,1.06784,167
1763868535,1.06784,1.06791,1.06701,1.06706,21
1763868595,1.06706,1.06771,1.0667,1.06735,165
1763868655,1.06735,1.0678,1.06709,1.06777,108
1763868715,1.06777,1.06793,1.06749,1.06788,174
1763868775,1.06788,1.06802,1.06733,1.06756,195
1763868835,1.06756,1.0678,1.06665,1.06696,59
1763868895,1.06696,1.06718,1.06642,1.06673,133
1763868955,1.06673,1.06706,1.06633,1.06634,61
1763869015,1.06634,1.0664,1.06582,1.06588,45
1763869075,1.06588,1.06597,1.06585,1.06592,181
1763869135,1.06592,1.06592,1.06534,1.06552,57
1763869195,1.06552,1.06575,1.06475,1.06495,23
1763869255,1.06495,1.06562,1.0646,1.06528,19
1763869315,1.06528,1.06603,1.06496,1.06569,113
1763869375,1.06569,1.06679,1.06536,1.06644,24
1763869435,1.06644,1.06676,1.06581,1.0659,102
1763869495,1.0659,1.06622,1.06574,1.06587,44
1763869555,1.06587,1.06623,1.06524,1.06563,161
1763869615,1.06563,1.06573,1.06513,1.06553,149
1763869675,1.06553,1.06572,1.06533,1.06568,41
1763869735,1.06568,1.0662,1.06555,1.06609,142
1763869795,1.06609,1.06632,1.0659,1.06608,78
1763869855,1.06608,1.06675,1.06581,1.06669,141
1763869915,1.06669,1.06672,1.0662,1.06658,126
1763869975,1.06658,1.06678,1.06586,1.06607,150
1763870035,1.06607,1.06654,1.06568,1.0665,59
1763870095,1.0665,1.06747,1.06636,1.06724,56
1763870155,1.06724,1.06726,1.06642,1.06655,78
1763870215,1.06655,1.06739,1.06648,1.06725,49
1763870275,1.06725,1.06735,1.06634,1.0667,49
1763870335,1.0667,1.06696,1.06606,1.06645,130
1763870395,1.06645,1.06648,1.06626,1.0664,147
1763870455,1.0664,1.06699,1.06607,1.06666,170
1763870515,1.06666,1.0667,1.06624,1.06643,38
1763870575,1.06643,1.06724,1.06606,1.06685,110
1763870635,1.06685,1.06699,1.06626,1.06662,41
1763870695,1.06662,1.06734,1.06662,1.06712,171
1763870755,1.06712,1.06745,1.06686,1.06736,157
1763870815,1.06736,1.06768,1.06712,1.06716,78
1763870875,1.06716,1.06732,1.06671,1.06681,200
1763870935,1.06681,1.06751,1.06671,1.06735,72
1763870995,1.06735,1.06771,1.06708,1.06758,183
1763871055,1.06758,1.06785,1.0668,1.06683,14
1763871115,1.06683,1.06699,1.06618,1.06628,72
1763871175,1.06628,1.06652,1.06608,1.0665,45
1763871235,1.0665,1.06669,1.06642,1.06651,89
1763871295,1.06651,1.06681,1.06605,1.06605,23
1763871355,1.06605,1.06711,1.0658,1.0668,75
1763871415,1.0668,1.06771,1.06665,1.0675,167
1763871475,1.0675,1.06818,1.06721,1.06782,107
1763871535,1.06782,1.06822,1.06727,1.06734,82
1763871595,1.06734,1.06764,1.06666,1.06687,51
1763871655,1.06687,1.06707,1.06599,1.06634,31
1763871715,1.06634,1.06676,1.06614,1.06659,139
1763871775,1.06659,1.06664,1.06624,1.06635,135
1763871835,1.06635,1.06701,1.06598,1.06687,140
1763871895,1.06687,1.06789,1.06684,1.06753,132
1763871955,1.06753,1.06779,1.06671,1.06684,194
1763872015,1.06684,1.06697,1.06664,1.06669,66
1763872075,1.06669,1.06672,1.06583,1.066,142
1763872135,1.066,1.06623,1.0657,1.0661,43
1763872195,1.0661,1.06644,1.06539,1.06572,181
1763872255,1.06572,1.06592,1.06552,1.06569,175
1763872315,1.06569,1.06596,1.06507,1.06519,112
1763872375,1.06519,1.06535,1.06425,1.06451,60
1763872435,1.06451,1.06475,1.06381,1.06393,188
1763872495,1.06393,1.06427,1.0636,1.06383,104
1763872555,1.06383,1.06478,1.06376,1.0646,64
1763872615,1.0646,1.06479,1.06379,1.06389,98
1763872675,1.06389,1.06431,1.06375,1.06402,99
1763872735,1.06402,1.06419,1.06359,1.06398,22
1763872795,1.06398,1.06435,1.06358,1.06405,125
1763872855,1.06405,1.06415,1.06311,1.06329,115
1763872915,1.06329,1.06346,1.06249,1.06266,58
1763872975,1.06266,1.0627,1.06173,1.06194,12
1763873035,1.06194,1.06226,1.06163,1.06191,17
1763873095,1.06191,1.06236,1.06183,1.06213,100
1763873155,1.06213,1.06293,1.06209,1.06261,159
1763873215,1.06261,1.06318,1.06259,1.06295,146
1763873275,1.06295,1.06313,1.06204,1.06215,27
1763873335,1.06215,1.06226,1.06112,1.06138,196
1763873395,1.06138,1.06216,1.06115,1.06205,71
1763873455,1.06205,1.06227,1.0616,1.06179,72
1763873515,1.06179,1.06218,1.06174,1.06194,14
1763873575,1.06194,1.06201,1.0615,1.06157,36
1763873635,1.06157,1.06255,1.06151,1.06234,164
1763873695,1.06234,1.06288,1.06197,1.06264,15
1763873755,1.06264,1.0627,1.06176,1.06192,63
1763873815,1.06192,1.06197,1.06111,1.06125,23
1763873875,1.06125,1.06208,1.06094,1.06182,108
1763873935,1.06182,1.06253,1.06143,1.06217,196
1763873995,1.06217,1.0625,1.06164,1.06189,185
1763874055,1.06189,1.06287,1.0616,1.06253,43
1763874115,1.06253,1.06363,1.06242,1.06325,72
1763874175,1.06325,1.06377,1.0632,1.06376,10
1763874235,1.06376,1.06407,1.06338,1.06385,125
1763874295,1.06385,1.06435,1.0637,1.06408,26
1763874355,1.06408,1.06445,1.06374,1.06413,132
1763874415,1.06413,1.06445,1.06334,1.06345,149
1763874475,1.06345,1.06374,1.06258,1.06266,143
1763874535,1.06266,1.06329,1.06234,1.06307,148
1763874595,1.06307,1.06415,1.0629,1.06386,81
1763874655,1.06386,1.0639,1.06314,1.0633,188
1763874715,1.0633,1.06407,1.06327,1.06372,192
1763874775,1.06372,1.06461,1.06357,1.0645,197
1763874835,1.0645,1.06504,1.06434,1.06495,158
1763874895,1.06495,1.0652,1.06398,1.06425,102
1763874955,1.06425,1.06458,1.06367,1.06403,114
1763875015,1.06403,1.06488,1.06369,1.06466,171
1763875075,1.06466,1.06509,1.06452,1.06486,64
1763875135,1.06486,1.06543,1.06461,1.06509,26
1763875195,1.06509,1.06546,1.06459,1.06474,66
1763875255,1.06474,1.06561,1.06437,1.06554,132
1763875315,1.06554,1.06645,1.06534,1.06628,61
1763875375,1.06628,1.0665,1.06588,1.06613,195
1763875435,1.06613,1.06625,1.06502,1.06537,16
1763875495,1.06537,1.06574,1.06517,1.06548,186
1763875555,1.06548,1.06602,1.06528,1.0659,69
1763875615,1.0659,1.0663,1.06496,1.06511,42
1763875675,1.06511,1.0658,1.06485,1.06548,145
1763875735,1.06548,1.06577,1.06526,1.06546,142
1763875795,1.06546,1.06577,1.06444,1.06475,42
1763875855,1.06475,1.06557,1.06473,1.06527,161
1763875915,1.06527,1.06597,1.06512,1.06577,97
1763875975,1.06577,1.06577,1.06507,1.06529,139
1763876035,1.06529,1.06581,1.06491,1.06548,107
1763876095,1.06548,1.06571,1.06532,1.06557,74
1763876155,1.06557,1.06567,1.06508,1.06529,117
1763876215,1.06529,1.06545,1.06483,1.0652,186
1763876275,1.0652,1.0653,1.06473,1.06481,28
1763876335,1.06481,1.06504,1.06433,1.06442,20
1763876395,1.06442,1.06449,1.06384,1.06403,65
1763876455,1.06403,1.06485,1.0638,1.06468,120
1763876515,1.06468,1.06542,1.0645,1.06517,146
1763876575,1.06517,1.06589,1.06483,1.06578,128
1763876635,1.06578,1.0659,1.06527,1.06546,72
1763876695,1.06546,1.06631,1.06512,1.06599,149
1763876755,1.06599,1.06669,1.06564,1.0666,176
1763876815,1.0666,1.06662,1.06608,1.06625,13
1763876875,1.06625,1.06711,1.06598,1.06677,164
1763876935,1.06677,1.06702,1.06634,1.06645,175
1763876995,1.06645,1.06657,1.06596,1.06613,18
1763877055,1.06613,1.06647,1.06585,1.06613,170
1763877115,1.06613,1.06663,1.06608,1.06636,40
1763877175,1.06636,1.06656,1.06606,1.06623,12
1763877235,1.06623,1.06647,1.06589,1.06639,146
1763877295,1.06639,1.06683,1.06605,1.06674,106
1763877355,1.06674,1.06678,1.06652,1.06673,88
1763877415,1.06673,1.06689,1.06617,1.06637,84
1763877475,1.06637,1.06729,1.066,1.06705,123
1763877535,1.06705,1.06707,1.06615,1.0664,128
1763877595,1.0664,1.06645,1.06604,1.06609,30
1763877655,1.06609,1.06627,1.06542,1.06551,101
1763877715,1.06551,1.06582,1.06453,1.06487,200
1763877775,1.06487,1.06544,1.06458,1.06539,147
1763877835,1.06539,1.06564,1.06453,1.06477,10
1763877895,1.06477,1.06505,1.0642,1.06447,124
1763877955,1.06447,1.06502,1.06424,1.06476,135
1763878015,1.06476,1.06512,1.06416,1.06445,60
1763878075,1.06445,1.06532,1.06411,1.06497,56
1763878135,1.06497,1.06567,1.06462,1.06534,173
1763878195,1.06534,1.06551,1.06459,1.06484,16
1763878255,1.06484,1.06491,1.06387,1.06408,86
1763878315,1.06408,1.06519,1.06405,1.06483,198
1763878375,1.06483,1.06521,1.06448,1.06462,194
1763878435,1.06462,1.06493,1.06451,1.06466,189
1763878495,1.06466,1.06499,1.06376,1.06405,156
1763878555,1.06405,1.06436,1.06309,1.06345,13
1763878615,1.06345,1.06378,1.06241,1.06281,27
1763878675,1.06281,1.06352,1.06266,1.06319,195
1763878735,1.06319,1.06349,1.0629,1.06329,155
1763878795,1.06329,1.0636,1.06229,1.06252,129
1763878855,1.06252,1.06316,1.06214,1.06287,30
1763878915,1.06287,1.06327,1.06209,1.06235,119
1763878975,1.06235,1.06286,1.06234,1.06266,172
1763879035,1.06266,1.06272,1.0622,1.0626,189
1763879095,1.0626,1.06328,1.06253,1.06288,105
1763879155,1.06288,1.06304,1.06216,1.0624,41
1763879215,1.0624,1.06245,1.06196,1.0621,24
1763879275,1.0621,1.06239,1.06179,1.06188,127
1763879335,1.06188,1.06194,1.06141,1.06142,73
1763879395,1.06142,1.06158,1.06104,1.06106,115
1763879455,1.06106,1.06121,1.06084,1.06085,59
1763879515,1.06085,1.06123,1.06076,1.06121,28
1763879575,1.06121,1.0615,1.06026,1.06042,89
1763879635,1.06042,1.06045,1.06012,1.06029,158
1763879695,1.06029,1.06039,1.05993,1.06038,90
1763879755,1.06038,1.0605,1.05945,1.05972,102
1763879815,1.05972,1.06003,1.0597,1.06,157
1763879875,1.06,1.06016,1.05944,1.05981,116
1763879935,1.05981,1.06012,1.05948,1.05993,198
1763879995,1.05993,1.06053,1.05977,1.06022,10
1763880055,1.06022,1.06042,1.06015,1.0604,40
1763880115,1.0604,1.06061,1.05982,1.05982,28
1763880175,1.05982,1.06018,1.0595,1.0598,123
1763880235,1.0598,1.06062,1.05953,1.06055,142
1763880295,1.06055,1.06058,1.06018,1.06042,25
1763880355,1.06042,1.06051,1.0601,1.06047,59
1763880415,1.06047,1.06067,1.06029,1.06031,136
1763880475,1.06031,1.0608,1.0603,1.06055,116
1763880535,1.06055,1.06055,1.0599,1.05991,23
1763880595,1.05991,1.06038,1.05974,1.06008,198
1763880655,1.06008,1.06019,1.05932,1.05936,161
1763880715,1.05936,1.05968,1.05928,1.05928,75
1763880775,1.05928,1.06018,1.05912,1.05982,176
1763880835,1.05982,1.0601,1.05968,1.06009,87
1763880895,1.06009,1.06045,1.05974,1.06036,126
1763880955,1.06036,1.06069,1.06027,1.0605,94
1763881015,1.0605,1.06147,1.06031,1.06128,93
1763881075,1.06128,1.06214,1.06118,1.06207,182
1763881135,1.06207,1.06298,1.06177,1.0626,170
1763881195,1.0626,1.0629,1.06166,1.06201,67
1763881255,1.06201,1.06207,1.06142,1.06165,138
1763881315,1.06165,1.06183,1.06161,1.06173,174
1763881375,1.06173,1.0621,1.06134,1.06141,199
1763881435,1.06141,1.06167,1.06134,1.06148,167
1763881495,1.06148,1.06188,1.06084,1.06086,128
1763881555,1.06086,1.06124,1.06069,1.06102,112
1763881615,1.06102,1.06187,1.06064,1.06176,89
1763881675,1.06176,1.06214,1.06142,1.06156,81
1763881735,1.06156,1.06228,1.06131,1.06203,63
1763881795,1.06203,1.06303,1.06191,1.06278,115
1763881855,1.06278,1.06288,1.06256,1.06284,127
1763881915,1.06284,1.06303,1.0628,1.0628,188
1763881975,1.0628,1.06328,1.06279,1.0629,157
1763882035,1.0629,1.06396,1.06272,1.06357,26
1763882095,1.06357,1.06382,1.06276,1.06298,192
1763882155,1.06298,1.06322,1.06248,1.06288,53
1763882215,1.06288,1.06382,1.06268,1.06355,42
1763882275,1.06355,1.06443,1.06324,1.0641,72
1763882335,1.0641,1.06432,1.06384,1.0643,114
1763882395,1.0643,1.06521,1.06394,1.065,80
1763882455,1.065,1.06609,1.06472,1.06574,124
1763882515,1.06574,1.06615,1.06551,1.06576,55
1763882575,1.06576,1.06587,1.06552,1.06585,122
1763882635,1.06585,1.06631,1.06579,1.06605,170
1763882695,1.06605,1.06607,1.06509,1.06532,156
1763882755,1.06532,1.06537,1.06429,1.06464,13
1763882815,1.06464,1.06476,1.0645,1.06474,188
1763882875,1.06474,1.065,1.06402,1.06431,165
1763882935,1.06431,1.06515,1.06425,1.06502,35
1763882995,1.06502,1.06507,1.06479,1.06504,194
1763883055,1.06504,1.06554,1.06466,1.06535,195
1763883115,1.06535,1.06543,1.06509,1.06526,90
1763883175,1.06526,1.06527,1.06451,1.06486,80
1763883235,1.06486,1.06569,1.06481,1.06537,126
1763883295,1.06537,1.06558,1.06481,1.06487,93
1763883355,1.06487,1.06535,1.06456,1.06503,35
1763883415,1.06503,1.06581,1.06482,1.06566,123
1763883475,1.06566,1.06576,1.06509,1.06542,75
1763883535,1.06542,1.06608,1.06535,1.06601,88
1763883595,1.06601,1.06625,1.06541,1.06551,30
1763883655,1.06551,1.0664,1.06548,1.06603,128
1763883715,1.06603,1.06641,1.0655,1.0658,69
1763883775,1.0658,1.06633,1.06553,1.06594,125
1763883835,1.06594,1.06653,1.06587,1.06627,83
1763883895,1.06627,1.06739,1.06616,1.06705,83
1763883955,1.06705,1.0673,1.0669,1.06711,84
1763884015,1.06711,1.06774,1.06688,1.06743,55
1763884075,1.06743,1.06809,1.06707,1.06794,122
1763884135,1.06794,1.06828,1.06719,1.06727,180
1763884195,1.06727,1.06783,1.06695,1.06744,175
1763884255,1.06744,1.06771,1.06709,1.06721,85
1763884315,1.06721,1.068,1.06708,1.06777,154
1763884375,1.06777,1.06791,1.06757,1.06788,56
1763884435,1.06788,1.06797,1.06774,1.06776,41
1763884495,1.06776,1.06822,1.06763,1.06785,115
1763884555,1.06785,1.06818,1.06773,1.06786,146
1763884615,1.06786,1.06863,1.0675,1.06831,64
1763884675,1.06831,1.06886,1.06822,1.06856,185
1763884735,1.06856,1.0692,1.06837,1.06905,23
1763884795,1.06905,1.0697,1.06868,1.06931,15
1763884855,1.06931,1.06981,1.06925,1.06968,109
1763884915,1.06968,1.0698,1.06909,1.06938,113
1763884975,1.06938,1.06947,1.06866,1.06893,126
1763885035,1.06893,1.0692,1.06823,1.06843,109
1763885095,1.06843,1.06901,1.06819,1.06884,16
1763885155,1.06884,1.06888,1.06843,1.06869,112
1763885215,1.06869,1.06907,1.06807,1.06816,180
1763885275,1.06816,1.06868,1.06787,1.0684,133
1763885335,1.0684,1.06857,1.06801,1.06834,87
1763885395,1.06834,1.06849,1.06754,1.06768,117
1763885455,1.06768,1.06771,1.06696,1.06705,36
1763885515,1.06705,1.06713,1.06665,1.06667,110
1763885575,1.06667,1.0667,1.06608,1.06618,58
1763885635,1.06618,1.06654,1.06584,1.06634,68
1763885695,1.06634,1.06662,1.06599,1.06615,17
1763885755,1.06615,1.06699,1.06583,1.06672,166
1763885815,1.06672,1.06709,1.06597,1.06602,107
1763885875,1.06602,1.06646,1.06591,1.06633,84
1763885935,1.06633,1.06634,1.06536,1.06562,175
1763885995,1.06562,1.06581,1.06548,1.06555,110
1763886055,1.06555,1.06557,1.06477,1.06517,84
1763886115,1.06517,1.06526,1.06438,1.06448,21
1763886175,1.06448,1.06474,1.06429,1.06452,105
1763886235,1.06452,1.06503,1.0642,1.06474,90
1763886295,1.06474,1.06553,1.0645,1.06547,85
1763886355,1.06547,1.06586,1.06478,1.06481,42
1763886415,1.06481,1.06507,1.06417,1.06429,197
1763886475,1.06429,1.06468,1.06385,1.06387,188
1763886535,1.06387,1.06456,1.06373,1.06427,104
1763886595,1.06427,1.06442,1.0633,1.06351,34
1763886655,1.06351,1.06369,1.06309,1.06335,115
1763886715,1.06335,1.0635,1.06272,1.06281,168
1763886775,1.06281,1.06318,1.06248,1.06287,81
1763886835,1.06287,1.06361,1.06273,1.06354,22
1763886895,1.06354,1.06385,1.06317,1.0632,199
1763886955,1.0632,1.06418,1.06307,1.06394,69
1763887015,1.06394,1.06406,1.06281,1.06317,47
1763887075,1.06317,1.06352,1.06235,1.06253,165
1763887135,1.06253,1.0627,1.06195,1.06229,151
1763887195,1.06229,1.06256,1.06164,1.06192,83
1763887255,1.06192,1.06298,1.06188,1.06267,68
1763887315,1.06267,1.06367,1.06259,1.06341,179
1763887375,1.06341,1.06346,1.06272,1.06279,48
1763887435,1.06279,1.06318,1.06256,1.06266,107
1763887495,1.06266,1.06344,1.06253,1.06322,66
1763887555,1.06322,1.06366,1.06307,1.0634,61
1763887615,1.0634,1.06356,1.063,1.06301,158
1763887675,1.06301,1.06383,1.06292,1.06345,199
1763887735,1.06345,1.06393,1.06334,1.06355,133
1763887795,1.06355,1.06367,1.06309,1.06346,66
1763887855,1.06346,1.06347,1.06298,1.06304,78
1763887915,1.06304,1.06349,1.06282,1.06321,170
1763887975,1.06321,1.06339,1.06316,1.06324,117
1763888035,1.06324,1.06361,1.06321,1.06333,22
1763888095,1.06333,1.06364,1.06235,1.06264,43
1763888155,1.06264,1.06304,1.06245,1.06294,190
1763888215,1.06294,1.06297,1.06225,1.06258,126
1763888275,1.06258,1.06259,1.06208,1.06242,147
1763888335,1.06242,1.0627,1.0615,1.0617,132
1763888395,1.0617,1.0619,1.06142,1.06173,34
1763888455,1.06173,1.06251,1.06133,1.06249,165
1763888515,1.06249,1.06322,1.06216,1.06307,35
1763888575,1.06307,1.06373,1.06271,1.0635,121
1763888635,1.0635,1.06405,1.06335,1.06368,130
1763888695,1.06368,1.06377,1.06295,1.06335,195
1763888755,1.06335,1.06345,1.06316,1.06337,159
1763888815,1.06337,1.06399,1.06305,1.06361,176
1763888875,1.06361,1.06397,1.06322,1.06357,28
1763888935,1.06357,1.06413,1.0632,1.06403,49
1763888995,1.06403,1.06425,1.06334,1.06338,134
1763889055,1.06338,1.06366,1.06252,1.06269,53
1763889115,1.06269,1.06297,1.06269,1.06294,100
1763889175,1.06294,1.06297,1.06196,1.06219,130
1763889235,1.06219,1.0622,1.06161,1.06194,29
1763889295,1.06194,1.06197,1.0608,1.06114,103
1763889355,1.06114,1.06149,1.06057,1.06074,82
1763889415,1.06074,1.06125,1.06045,1.06104,122
1763889475,1.06104,1.06165,1.06101,1.06125,99
1763889535,1.06125,1.06184,1.06103,1.06151,139
1763889595,1.06151,1.06168,1.06062,1.0609,98
1763889655,1.0609,1.06103,1.05976,1.06013,137
1763889715,1.06013,1.06107,1.05997,1.06074,198
1763889775,1.06074,1.06107,1.06065,1.06103,115
1763889835,1.06103,1.06125,1.06026,1.06053,123
1763889895,1.06053,1.06076,1.05945,1.05984,80
1763889955,1.05984,1.06041,1.05962,1.06016,196
1763890015,1.06016,1.06042,1.05982,1.06022,110
1763890075,1.06022,1.06047,1.05976,1.05976,149
1763890135,1.05976,1.0598,1.05949,1.05979,87
1763890195,1.05979,1.06002,1.05971,1.05987,107
1763890255,1.05987,1.06057,1.05978,1.06057,178
1763890315,1.06057,1.06122,1.06024,1.0609,64
1763890375,1.0609,1.06169,1.06076,1.06151,134
1763890435,1.06151,1.06166,1.06097,1.06132,95
1763890495,1.06132,1.06191,1.06098,1.06178,106
1763890555,1.06178,1.06197,1.06149,1.06153,85
1763890615,1.06153,1.06224,1.06148,1.0622,190
1763890675,1.0622,1.06243,1.06127,1.06144,84
1763890735,1.06144,1.06171,1.0609,1.06097,55
1763890795,1.06097,1.06105,1.06043,1.06063,63
1763890855,1.06063,1.06077,1.06,1.06007,182
1763890915,1.06007,1.06096,1.05977,1.06068,168
1763890975,1.06068,1.06105,1.06017,1.06018,50
1763891035,1.06018,1.06079,1.05981,1.06051,189
1763891095,1.06051,1.06153,1.06033,1.0612,152
1763891155,1.0612,1.06201,1.06106,1.06185,122
1763891215,1.06185,1.06206,1.06167,1.06198,112
1763891275,1.06198,1.06287,1.06161,1.06262,123
1763891335,1.06262,1.06267,1.06255,1.06258,186
1763891395,1.06258,1.06289,1.06244,1.06269,83
1763891455,1.06269,1.06304,1.06176,1.06201,84
1763891515,1.06201,1.06215,1.06179,1.06212,190
1763891575,1.06212,1.06279,1.06176,1.06241,181
1763891635,1.06241,1.06249,1.06193,1.06213,117
1763891695,1.06213,1.06273,1.06202,1.06242,155
1763891755,1.06242,1.06341,1.06219,1.06303,97
1763891815,1.06303,1.06342,1.06216,1.06224,86
1763891875,1.06224,1.06246,1.06197,1.06223,160
1763891935,1.06223,1.06233,1.06139,1.06176,197
1763891995,1.06176,1.0626,1.06161,1.06227,130
1763892055,1.06227,1.0631,1.06217,1.06303,40
1763892115,1.06303,1.06395,1.06298,1.06378,177
1763892175,1.06378,1.06389,1.06285,1.06315,91
1763892235,1.06315,1.06333,1.06252,1.06259,187
1763892295,1.06259,1.06272,1.06161,1.06185,108
1763892355,1.06185,1.06195,1.06116,1.06154,77
1763892415,1.06154,1.06258,1.06117,1.06231,85
1763892475,1.06231,1.06281,1.06209,1.06265,44
1763892535,1.06265,1.06279,1.06195,1.06218,119
1763892595,1.06218,1.06243,1.06186,1.06188,15
1763892655,1.06188,1.062,1.06098,1.06109,107
1763892715,1.06109,1.06189,1.06098,1.06159,180
1763892775,1.06159,1.06169,1.0608,1.06082,122
1763892835,1.06082,1.06104,1.06063,1.06099,70
1763892895,1.06099,1.06126,1.05997,1.06029,143
1763892955,1.06029,1.06054,1.06029,1.06031,55
1763893015,1.06031,1.06068,1.05975,1.06012,111
1763893075,1.06012,1.06013,1.0597,1.05994,19
1763893135,1.05994,1.06028,1.05922,1.05941,20
1763893195,1.05941,1.05943,1.05913,1.05929,90
1763893255,1.05929,1.05975,1.05927,1.05959,104
1763893315,1.05959,1.05992,1.0593,1.05971,117
1763893375,1.05971,1.06001,1.0591,1.05937,149
1763893435,1.05937,1.05953,1.05928,1.0594,199
1763893495,1.0594,1.05949,1.05903,1.05927,33
1763893555,1.05927,1.05948,1.05878,1.05886,198
1763893615,1.05886,1.0591,1.05868,1.05887,153
1763893675,1.05887,1.05918,1.05855,1.05899,125
1763893735,1.05899,1.05983,1.0588,1.05966,150
1763893795,1.05966,1.05974,1.05879,1.05918,28
1763893855,1.05918,1.05947,1.05896,1.05908,42
1763893915,1.05908,1.05982,1.05898,1.05957,141
1763893975,1.05957,1.06033,1.05948,1.06015,191
1763894035,1.06015,1.06026,1.05987,1.06018,143
1763894095,1.06018,1.06021,1.05963,1.05985,98
1763894155,1.05985,1.06002,1.05922,1.05938,76
1763894215,1.05938,1.05953,1.05922,1.0595,137
1763894275,1.0595,1.05972,1.0594,1.05964,39
1763894335,1.05964,1.06024,1.05943,1.06004,113
1763894395,1.06004,1.06024,1.05955,1.05989,108
1763894455,1.05989,1.06011,1.05921,1.05945,157
1763894515,1.05945,1.05973,1.05931,1.05952,112
1763894575,1.05952,1.05994,1.05922,1.05968,67
1763894635,1.05968,1.06001,1.05946,1.05949,88
1763894695,1.05949,1.05963,1.05892,1.05926,157
1763894755,1.05926,1.05993,1.05906,1.05963,72
1763894815,1.05963,1.0599,1.05861,1.05884,165
1763894875,1.05884,1.05959,1.0585,1.05922,144
1763894935,1.05922,1.06016,1.05908,1.05981,60
1763894995,1.05981,1.06073,1.05959,1.06057,58
1763895055,1.06057,1.06082,1.05993,1.0602,154
1763895115,1.0602,1.06035,1.06004,1.06017,198
1763895175,1.06017,1.0602,1.05937,1.05973,78
1763895235,1.05973,1.06006,1.05948,1.05968,69
1763895295,1.05968,1.06021,1.05942,1.06014,121
1763895355,1.06014,1.06037,1.05958,1.05995,12
1763895415,1.05995,1.06066,1.05977,1.06066,158
1763895475,1.06066,1.06128,1.06052,1.06104,42
1763895535,1.06104,1.06127,1.06092,1.06109,200
1763895595,1.06109,1.0617,1.0608,1.06142,189
1763895655,1.06142,1.06148,1.06088,1.06116,116
1763895715,1.06116,1.06205,1.061,1.0618,65
1763895775,1.0618,1.06211,1.06167,1.06171,38
1763895835,1.06171,1.06186,1.06131,1.06154,86
1763895895,1.06154,1.06246,1.06147,1.06226,137
1763895955,1.06226,1.06244,1.06151,1.06154,120
1763896015,1.06154,1.06209,1.06124,1.06191,35
1763896075,1.06191,1.06206,1.06118,1.06154,102
1763896135,1.06154,1.06165,1.06125,1.06129,64
1763896195,1.06129,1.06167,1.0611,1.06122,93
1763896255,1.06122,1.06128,1.06089,1.06092,135
1763896315,1.06092,1.06138,1.06077,1.06106,141
1763896375,1.06106,1.062,1.06082,1.06168,59
1763896435,1.06168,1.0623,1.06137,1.06224,138
1763896495,1.06224,1.06249,1.06205,1.06227,183
1763896555,1.06227,1.06329,1.06218,1.06298,55
1763896615,1.06298,1.06372,1.06274,1.06369,151
1763896675,1.06369,1.0639,1.06276,1.06316,79
1763896735,1.06316,1.06355,1.06291,1.06303,118
1763896795,1.06303,1.0633,1.06288,1.06315,80
1763896855,1.06315,1.06333,1.0625,1.06272,11
1763896915,1.06272,1.063,1.06249,1.06288,140
1763896975,1.06288,1.06332,1.06251,1.0631,13
1763897035,1.0631,1.06325,1.06257,1.0627,73
1763897095,1.0627,1.06331,1.06232,1.06306,188
1763897155,1.06306,1.06374,1.06298,1.0635,98
1763897215,1.0635,1.06421,1.06336,1.06401,93
1763897275,1.06401,1.06506,1.06394,1.06473,136
1763897335,1.06473,1.06481,1.06422,1.06431,168
1763897395,1.06431,1.06466,1.0638,1.06381,139
1763897455,1.06381,1.06414,1.06339,1.06351,162
1763897515,1.06351,1.06382,1.06295,1.06329,25
1763897575,1.06329,1.06368,1.06317,1.06325,199
1763897635,1.06325,1.0633,1.06316,1.0632,18
1763897695,1.0632,1.06377,1.06294,1.0636,196
1763897755,1.0636,1.06364,1.06327,1.06361,188
1763897815,1.06361,1.06377,1.06262,1.06285,57
1763897875,1.06285,1.06305,1.06239,1.06249,162
1763897935,1.06249,1.06255,1.06209,1.06218,13
1763897995,1.06218,1.06228,1.06197,1.06213,198
1763898055,1.06213,1.06264,1.06175,1.06227,72
1763898115,1.06227,1.06237,1.06143,1.06154,39
1763898175,1.06154,1.06155,1.06093,1.06115,171
1763898235,1.06115,1.06146,1.06087,1.06101,48
1763898295,1.06101,1.06149,1.06094,1.06148,172
1763898355,1.06148,1.06154,1.06059,1.06084,142
1763898415,1.06084,1.0609,1.0604,1.06052,111
1763898475,1.06052,1.06096,1.06033,1.06059,125
1763898535,1.06059,1.06098,1.05978,1.06005,61
1763898595,1.06005,1.06023,1.0596,1.05963,129
1763898655,1.05963,1.06064,1.0596,1.06038,128
1763898715,1.06038,1.06066,1.05974,1.06003,79
1763898775,1.06003,1.06031,1.05955,1.05961,167
1763898835,1.05961,1.06056,1.05949,1.06041,118
1763898895,1.06041,1.06138,1.0601,1.06111,40
1763898955,1.06111,1.0613,1.06086,1.06112,132
1763899015,1.06112,1.06147,1.06031,1.06047,64
1763899075,1.06047,1.06057,1.0598,1.05983,176
1763899135,1.05983,1.0607,1.05953,1.06032,64
1763899195,1.06032,1.06081,1.06,1.0608,60
1763899255,1.0608,1.06095,1.06033,1.06033,160
1763899315,1.06033,1.06102,1.06016,1.06072,180
1763899375,1.06072,1.06102,1.05969,1.05999,29
1763899435,1.05999,1.0609,1.05974,1.06067,27
1763899495,1.06067,1.06073,1.06048,1.06049,41
1763899555,1.06049,1.06148,1.06021,1.06114,36
1763899615,1.06114,1.06136,1.06058,1.0607,193
1763899675,1.0607,1.06141,1.06061,1.06136,157
1763899735,1.06136,1.06171,1.06104,1.06142,186
1763899795,1.06142,1.06189,1.06111,1.06168,21
1763899855,1.06168,1.06184,1.06118,1.06153,156
1763899915,1.06153,1.06183,1.06114,1.06124,127
1763899975,1.06124,1.06189,1.06102,1.06163,55
1763900035,1.06163,1.06185,1.06125,1.06172,164
1763900095,1.06172,1.06188,1.06117,1.06144,62
1763900155,1.06144,1.06152,1.06099,1.06116,136
1763900215,1.06116,1.06163,1.06098,1.06138,185
1763900275,1.06138,1.06142,1.06112,1.06138,125
1763900335,1.06138,1.06156,1.06064,1.06096,48
1763900395,1.06096,1.06114,1.06069,1.0611,136
1763900455,1.0611,1.06129,1.06086,1.06111,106
1763900515,1.06111,1.06144,1.06082,1.06118,132
1763900575,1.06118,1.06194,1.06081,1.06167,170
1763900635,1.06167,1.06178,1.06124,1.06137,52
1763900695,1.06137,1.06174,1.06112,1.06162,121
1763900755,1.06162,1.062,1.0614,1.06163,132
1763900815,1.06163,1.062,1.06153,1.06189,102
1763900875,1.06189,1.06281,1.06176,1.06268,37
1763900935,1.06268,1.06303,1.06266,1.063,89
1763900995,1.063,1.06337,1.06204,1.06236,149
1763901055,1.06236,1.06324,1.06219,1.06301,170
1763901115,1.06301,1.06362,1.0628,1.06348,189
1763901175,1.06348,1.06351,1.06278,1.06309,194
1763901235,1.06309,1.06334,1.06299,1.0633,69
1763901295,1.0633,1.06348,1.06281,1.06318,75
1763901355,1.06318,1.06397,1.06312,1.06373,165
1763901415,1.06373,1.06412,1.06332,1.06358,35
1763901475,1.06358,1.06399,1.06351,1.0638,68
1763901535,1.0638,1.0638,1.06332,1.0637,113
1763901595,1.0637,1.06396,1.06354,1.06378,34
1763901655,1.06378,1.06452,1.06371,1.06436,21
1763901715,1.06436,1.06476,1.0641,1.06458,19
1763901775,1.06458,1.06545,1.06457,1.06514,74
1763901835,1.06514,1.06536,1.06441,1.06453,194
1763901895,1.06453,1.06512,1.06436,1.06486,16
1763901955,1.06486,1.06528,1.06462,1.06497,45
1763902015,1.06497,1.06568,1.06461,1.06532,47
1763902075,1.06532,1.06586,1.06513,1.06571,91
1763902135,1.06571,1.06674,1.0654,1.06649,41
1763902195,1.06649,1.06691,1.06635,1.06657,158
1763902255,1.06657,1.06666,1.06624,1.0664,79
1763902315,1.0664,1.06688,1.06621,1.06687,178
1763902375,1.06687,1.06722,1.0662,1.06652,99
1763902435,1.06652,1.06742,1.06631,1.06704,183
1763902495,1.06704,1.0674,1.06595,1.06632,191
1763902555,1.06632,1.0668,1.06631,1.06658,112
1763902615,1.06658,1.06685,1.06585,1.0659,50
1763902675,1.0659,1.06628,1.06514,1.06544,163
1763902735,1.06544,1.06644,1.06527,1.06611,157
1763902795,1.06611,1.06637,1.06543,1.06575,164
1763902855,1.06575,1.06613,1.06525,1.06534,22
1763902915,1.06534,1.0656,1.06452,1.06479,145
1763902975,1.06479,1.06533,1.06458,1.06509,119
1763903035,1.06509,1.06549,1.06468,1.0649,88
1763903095,1.0649,1.06495,1.06414,1.06428,91
1763903155,1.06428,1.06448,1.06347,1.06357,142
1763903215,1.06357,1.06395,1.06272,1.06304,147
1763903275,1.06304,1.06332,1.06254,1.06274,141
1763903335,1.06274,1.06298,1.06165,1.06202,107
1763903395,1.06202,1.06223,1.0615,1.06153,101
1763903455,1.06153,1.06219,1.06136,1.06193,56
1763903515,1.06193,1.06197,1.0619,1.06193,115
1763903575,1.06193,1.06232,1.06184,1.06197,113
1763903635,1.06197,1.06275,1.06181,1.06271,25
1763903695,1.06271,1.06293,1.06189,1.06228,45
1763903755,1.06228,1.06245,1.06186,1.06191,153
1763903815,1.06191,1.06208,1.06134,1.06157,51
1763903875,1.06157,1.0617,1.06109,1.06135,23
1763903935,1.06135,1.06226,1.06109,1.06207,188
1763903995,1.06207,1.06222,1.06092,1.0613,155
1763904055,1.0613,1.06156,1.06081,1.06111,65
1763904115,1.06111,1.06126,1.06061,1.06088,33
1763904175,1.06088,1.06126,1.06064,1.06095,79
1763904235,1.06095,1.06184,1.06063,1.06154,39
1763904295,1.06154,1.06232,1.06132,1.06208,124
1763904355,1.06208,1.06232,1.06124,1.06151,103
1763904415,1.06151,1.06153,1.06084,1.06095,90
1763904475,1.06095,1.06106,1.06033,1.06054,102
1763904535,1.06054,1.06155,1.06039,1.06132,149
1763904595,1.06132,1.06159,1.06119,1.06144,81
1763904655,1.06144,1.06162,1.06069,1.06102,28
1763904715,1.06102,1.06148,1.06088,1.0611,78
1763904775,1.0611,1.06142,1.06027,1.06067,14
1763904835,1.06067,1.06077,1.06029,1.0607,43
1763904895,1.0607,1.06087,1.06001,1.06016,159
1763904955,1.06016,1.06127,1.06014,1.06091,176
1763905015,1.06091,1.06176,1.06086,1.0615,30
1763905075,1.0615,1.06241,1.0614,1.06207,51
1763905135,1.06207,1.0622,1.06205,1.06219,161
1763905195,1.06219,1.06251,1.06139,1.06159,146
1763905255,1.06159,1.06163,1.06085,1.06105,30
1763905315,1.06105,1.06221,1.06068,1.06185,180
1763905375,1.06185,1.06264,1.06156,1.06252,40
1763905435,1.06252,1.06269,1.06209,1.06241,84
1763905495,1.06241,1.06278,1.06234,1.06268,112
1763905555,1.06268,1.06355,1.06259,1.06341,125
1763905615,1.06341,1.0641,1.06312,1.0639,33
1763905675,1.0639,1.06393,1.06378,1.06389,69
1763905735,1.06389,1.06391,1.06367,1.06374,173
1763905795,1.06374,1.06391,1.06351,1.06363,31
1763905855,1.06363,1.06387,1.0629,1.06309,66
1763905915,1.06309,1.06322,1.06234,1.06242,72
1763905975,1.06242,1.06258,1.06159,1.06198,46
1763906035,1.06198,1.06234,1.06169,1.06219,127
1763906095,1.06219,1.06254,1.062,1.06241,50
1763906155,1.06241,1.06241,1.06163,1.06168,51
1763906215,1.06168,1.06169,1.06106,1.06133,43
1763906275,1.06133,1.06205,1.06122,1.06184,46
1763906335,1.06184,1.06263,1.06159,1.06228,83
1763906395,1.06228,1.0634,1.06208,1.06304,146
1763906455,1.06304,1.06331,1.06206,1.06245,197
1763906515,1.06245,1.06313,1.06213,1.06284,91
1763906575,1.06284,1.06311,1.06261,1.06307,28
1763906635,1.06307,1.06327,1.06274,1.0631,15
1763906695,1.0631,1.06336,1.06246,1.0625,10
1763906755,1.0625,1.06279,1.06226,1.06261,86
1763906815,1.06261,1.06357,1.06231,1.06323,194
1763906875,1.06323,1.06327,1.06283,1.06324,54
1763906935,1.06324,1.06406,1.0632,1.06366,90
1763906995,1.06366,1.06483,1.06366,1.06443,18
1763907055,1.06443,1.06474,1.0638,1.06403,199
1763907115,1.06403,1.06414,1.06328,1.06332,58
1763907175,1.06332,1.06346,1.06321,1.06329,125
1763907235,1.06329,1.06403,1.06312,1.06378,98
1763907295,1.06378,1.06381,1.0635,1.06356,192
1763907355,1.06356,1.06422,1.06337,1.06414,99
1763907415,1.06414,1.0642,1.06374,1.06375,168
1763907475,1.06375,1.06382,1.06326,1.06359,151
1763907535,1.06359,1.06371,1.06326,1.06354,82
1763907595,1.06354,1.064,1.06342,1.06364,33
1763907655,1.06364,1.06377,1.06337,1.06367,151
1763907715,1.06367,1.06416,1.06357,1.06404,119
1763907775,1.06404,1.06428,1.06386,1.0642,147
1763907835,1.0642,1.06509,1.06409,1.06483,132
1763907895,1.06483,1.06553,1.06463,1.0653,193
1763907955,1.0653,1.06536,1.06439,1.06469,175
1763908015,1.06469,1.06474,1.06446,1.0647,129
1763908075,1.0647,1.06573,1.06454,1.0654,135
1763908135,1.0654,1.06576,1.06505,1.06545,101
1763908195,1.06545,1.06578,1.06506,1.06509,177
1763908255,1.06509,1.06558,1.0649,1.06546,112
1763908315,1.06546,1.06578,1.06469,1.06488,121
1763908375,1.06488,1.0652,1.06413,1.06422,194
1763908435,1.06422,1.06477,1.06385,1.06461,178
1763908495,1.06461,1.06534,1.06426,1.06531,26
1763908555,1.06531,1.06628,1.06515,1.0661,94
1763908615,1.0661,1.06622,1.0655,1.06581,36
1763908675,1.06581,1.06598,1.06563,1.06586,84
1763908735,1.06586,1.06688,1.06551,1.06648,17
1763908795,1.06648,1.06694,1.06619,1.0666,13
1763908855,1.0666,1.06689,1.06598,1.0663,97
1763908915,1.0663,1.06705,1.06625,1.06682,129
1763908975,1.06682,1.06697,1.06613,1.06637,178
1763909035,1.06637,1.06736,1.06629,1.06713,158
1763909095,1.06713,1.06749,1.06688,1.06704,158
1763909155,1.06704,1.06766,1.06669,1.06744,172
1763909215,1.06744,1.06784,1.06732,1.06765,177
1763909275,1.06765,1.06806,1.06762,1.06779,11
1763909335,1.06779,1.06799,1.06771,1.06775,48
1763909395,1.06775,1.06785,1.06711,1.06736,16
1763909455,1.06736,1.06794,1.06704,1.06769,81
1763909515,1.06769,1.0677,1.06696,1.06733,150
1763909575,1.06733,1.06812,1.06707,1.06797,185
1763909635,1.06797,1.06835,1.06769,1.06832,91
1763909695,1.06832,1.06844,1.0675,1.06761,104
1763909755,1.06761,1.06792,1.06692,1.06699,117
1763909815,1.06699,1.06783,1.06688,1.06753,114
1763909875,1.06753,1.06756,1.06734,1.06748,120
1763909935,1.06748,1.06762,1.06676,1.06692,52
1763909995,1.06692,1.06721,1.06632,1.06669,27
1763910055,1.06669,1.06703,1.06578,1.06604,54
1763910115,1.06604,1.06624,1.06553,1.06562,132
1763910175,1.06562,1.0657,1.0653,1.06531,132
1763910235,1.06531,1.06587,1.06501,1.06568,66
1763910295,1.06568,1.06595,1.06519,1.06522,70
1763910355,1.06522,1.06628,1.06504,1.06593,96
1763910415,1.06593,1.06608,1.06515,1.06548,197
1763910475,1.06548,1.06574,1.06474,1.06485,32
1763910535,1.06485,1.06551,1.06485,1.06522,174
1763910595,1.06522,1.06538,1.06468,1.06496,110
1763910655,1.06496,1.06506,1.06422,1.0646,197
1763910715,1.0646,1.06514,1.0644,1.06488,62
1763910775,1.06488,1.06517,1.06472,1.06486,46
1763910835,1.06486,1.06575,1.06482,1.06558,81
1763910895,1.06558,1.06629,1.06522,1.06595,177
1763910955,1.06595,1.06625,1.06565,1.06568,49
1763911015,1.06568,1.06576,1.06527,1.06566,65
1763911075,1.06566,1.06668,1.0655,1.0663,72
1763911135,1.0663,1.06668,1.06539,1.0657,155
1763911195,1.0657,1.0662,1.06538,1.06619,35
1763911255,1.06619,1.0664,1.06556,1.06579,34
1763911315,1.06579,1.06653,1.06577,1.06618,40
1763911375,1.06618,1.06653,1.06559,1.06573,122
1763911435,1.06573,1.06582,1.06495,1.06508,156
1763911495,1.06508,1.06528,1.06441,1.06447,143
1763911555,1.06447,1.06481,1.06343,1.06372,18
1763911615,1.06372,1.06401,1.06336,1.06398,43
1763911675,1.06398,1.06429,1.06311,1.06324,190
1763911735,1.06324,1.06328,1.06265,1.06268,110
1763911795,1.06268,1.06287,1.06223,1.0623,158
1763911855,1.0623,1.06252,1.06216,1.06249,161
1763911915,1.06249,1.06311,1.06225,1.06299,193
1763911975,1.06299,1.06393,1.06275,1.06365,159
1763912035,1.06365,1.06383,1.06315,1.06342,134
1763912095,1.06342,1.06429,1.06322,1.06418,161
1763912155,1.06418,1.06445,1.06349,1.06387,156
1763912215,1.06387,1.0645,1.06359,1.06425,86
1763912275,1.06425,1.06443,1.0636,1.06381,135
1763912335,1.06381,1.06436,1.0637,1.06408,161
1763912395,1.06408,1.06483,1.06385,1.06444,121
1763912455,1.06444,1.06475,1.06417,1.06474,69
1763912515,1.06474,1.06534,1.06457,1.0653,153
1763912575,1.0653,1.06595,1.06524,1.0659,19
1763912635,1.0659,1.06619,1.06531,1.06549,192
1763912695,1.06549,1.06595,1.06536,1.06591,126
1763912755,1.06591,1.06629,1.06484,1.06522,165
1763912815,1.06522,1.06622,1.06486,1.0659,32
1763912875,1.0659,1.06595,1.06509,1.06544,148
1763912935,1.06544,1.06608,1.06526,1.06604,182
1763912995,1.06604,1.06671,1.06574,1.06663,37
1763913055,1.06663,1.06683,1.06655,1.06679,31
1763913115,1.06679,1.06794,1.0667,1.06756,161
1763913175,1.06756,1.06764,1.06723,1.06757,155
1763913235,1.06757,1.06812,1.06755,1.06783,16
1763913295,1.06783,1.0682,1.06755,1.06771,101
1763913355,1.06771,1.06789,1.0675,1.06787,25
1763913415,1.06787,1.06858,1.0676,1.06831,19
1763913475,1.06831,1.06879,1.06813,1.06878,134
1763913535,1.06878,1.06913,1.06781,1.06808,145
1763913595,1.06808,1.06819,1.06739,1.0677,131
1763913655,1.0677,1.06818,1.06732,1.06782,59
1763913715,1.06782,1.06784,1.06717,1.06736,177
1763913775,1.06736,1.06745,1.06688,1.06727,192
1763913835,1.06727,1.06729,1.0668,1.06717,137
1763913895,1.06717,1.06747,1.06661,1.06663,143
1763913955,1.06663,1.06702,1.06605,1.06636,137
1763914015,1.06636,1.06674,1.06563,1.06564,33
1763914075,1.06564,1.06585,1.06517,1.06522,140
1763914135,1.06522,1.06544,1.06477,1.06478,36
1763914195,1.06478,1.06506,1.06466,1.06466,26
1763914255,1.06466,1.06484,1.0645,1.06479,171
1763914315,1.06479,1.06509,1.06423,1.06448,163
1763914375,1.06448,1.06462,1.06415,1.06455,172
1763914435,1.06455,1.06503,1.06417,1.06464,87
1763914495,1.06464,1.06472,1.06419,1.06434,60
1763914555,1.06434,1.06465,1.06394,1.06417,180
1763914615,1.06417,1.06477,1.06415,1.06452,161
1763914675,1.06452,1.06487,1.0636,1.06388,151
1763914735,1.06388,1.06415,1.06306,1.06342,112
1763914795,1.06342,1.06449,1.06303,1.0642,120
1763914855,1.0642,1.06451,1.06331,1.06359,15
1763914915,1.06359,1.06377,1.06312,1.06334,172
1763914975,1.06334,1.06343,1.06277,1.06294,75
1763915035,1.06294,1.06371,1.06257,1.0634,153
1763915095,1.0634,1.06435,1.06315,1.06412,171
1763915155,1.06412,1.06442,1.06386,1.06414,23
1763915215,1.06414,1.06483,1.06414,1.06457,165
1763915275,1.06457,1.06472,1.06345,1.06377,38
1763915335,1.06377,1.06456,1.06375,1.06442,120
1763915395,1.06442,1.06482,1.06414,1.06475,61
1763915455,1.06475,1.06491,1.06391,1.06431,91
1763915515,1.06431,1.06453,1.06318,1.06353,80
1763915575,1.06353,1.06449,1.06331,1.06424,141
1763915635,1.06424,1.06441,1.06385,1.06391,43
1763915695,1.06391,1.06421,1.06375,1.06391,130
1763915755,1.06391,1.06429,1.06298,1.06311,115
1763915815,1.06311,1.06343,1.06292,1.06304,56
1763915875,1.06304,1.06337,1.06236,1.06253,80
1763915935,1.06253,1.06296,1.06218,1.06277,197
1763915995,1.06277,1.06342,1.06252,1.06317,171
1763916055,1.06317,1.06331,1.063,1.06311,106
1763916115,1.06311,1.06403,1.06277,1.06389,39
1763916175,1.06389,1.06425,1.06346,1.06378,52
1763916235,1.06378,1.06397,1.06291,1.06327,58
1763916295,1.06327,1.06332,1.06282,1.06301,93
1763916355,1.06301,1.06355,1.06285,1.06348,34
1763916415,1.06348,1.06352,1.06274,1.06297,137
1763916475,1.06297,1.0636,1.06272,1.06324,174
1763916535,1.06324,1.06386,1.06308,1.0636,69
1763916595,1.0636,1.06402,1.06323,1.06387,174
1763916655,1.06387,1.06425,1.06301,1.06314,78
1763916715,1.06314,1.06395,1.06281,1.06384,152
1763916775,1.06384,1.06413,1.06372,1.06392,64
1763916835,1.06392,1.06444,1.06372,1.06442,131
1763916895,1.06442,1.06503,1.0641,1.06502,37
1763916955,1.06502,1.06518,1.06464,1.06479,59
1763917015,1.06479,1.06539,1.06459,1.06535,57
1763917075,1.06535,1.06589,1.06503,1.06559,182
1763917135,1.06559,1.06622,1.06555,1.06605,175
1763917195,1.06605,1.06622,1.0653,1.06562,79
1763917255,1.06562,1.06595,1.06488,1.06513,189
1763917315,1.06513,1.0661,1.06488,1.0659,159
1763917375,1.0659,1.06675,1.06564,1.06649,190
1763917435,1.06649,1.06716,1.06628,1.06708,195
1763917495,1.06708,1.0682,1.06674,1.06788,32
1763917555,1.06788,1.06828,1.06761,1.06796,17
1763917615,1.06796,1.06878,1.06771,1.06847,121
1763917675,1.06847,1.06848,1.06774,1.06811,52
1763917735,1.06811,1.0683,1.06768,1.06771,165
1763917795,1.06771,1.06834,1.06744,1.06824,97
1763917855,1.06824,1.06916,1.06816,1.06891,183
1763917915,1.06891,1.06899,1.06849,1.06862,155
1763917975,1.06862,1.06938,1.0685,1.06937,176
1763918035,1.06937,1.06973,1.06905,1.0695,195
1763918095,1.0695,1.06987,1.0694,1.06966,153
1763918155,1.06966,1.07001,1.06902,1.06914,128
1763918215,1.06914,1.06948,1.06903,1.06907,48
1763918275,1.06907,1.06928,1.06809,1.0684,109
1763918335,1.0684,1.0686,1.06794,1.06819,93
1763918395,1.06819,1.06826,1.06745,1.0675,29
1763918455,1.0675,1.0677,1.06733,1.06746,118
1763918515,1.06746,1.06787,1.06707,1.06758,78
1763918575,1.06758,1.06819,1.0673,1.06808,182
1763918635,1.06808,1.06839,1.06729,1.06752,199
1763918695,1.06752,1.06754,1.06703,1.06706,150
1763918755,1.06706,1.06738,1.06678,1.06712,10
1763918815,1.06712,1.06767,1.06707,1.06744,130
1763918875,1.06744,1.06811,1.06714,1.06805,104
1763918935,1.06805,1.06831,1.06714,1.06733,194
1763918995,1.06733,1.06758,1.06676,1.06699,101
1763919055,1.06699,1.06722,1.06657,1.06692,146
1763919115,1.06692,1.06714,1.06628,1.06663,164
1763919175,1.06663,1.06686,1.06601,1.06639,46
1763919235,1.06639,1.06652,1.06577,1.06616,182
1763919295,1.06616,1.06655,1.06527,1.06537,154
1763919355,1.06537,1.0657,1.06532,1.06559,99
1763919415,1.06559,1.06583,1.06489,1.06498,156
1763919475,1.06498,1.06524,1.06463,1.06506,159
1763919535,1.06506,1.06527,1.0642,1.06452,154
1763919595,1.06452,1.06486,1.06411,1.0644,100
1763919655,1.0644,1.0653,1.06407,1.06518,143
1763919715,1.06518,1.06557,1.06492,1.06494,64
1763919775,1.06494,1.0657,1.06465,1.06564,185
1763919835,1.06564,1.06584,1.06536,1.06555,51
1763919895,1.06555,1.06559,1.06498,1.06538,199
1763919955,1.06538,1.06628,1.06501,1.06589,105
1763920015,1.06589,1.06621,1.06492,1.06529,56
1763920075,1.06529,1.06605,1.06521,1.06578,147
1763920135,1.06578,1.06596,1.06529,1.06539,75
1763920195,1.06539,1.06587,1.06528,1.06561,87
1763920255,1.06561,1.06562,1.06475,1.06482,149
1763920315,1.06482,1.066,1.06466,1.0656,104
1763920375,1.0656,1.06572,1.06522,1.06545,184
1763920435,1.06545,1.06563,1.06509,1.06541,94
1763920495,1.06541,1.06565,1.06507,1.06556,160
1763920555,1.06556,1.066,1.06524,1.06577,79
1763920615,1.06577,1.06657,1.06557,1.06648,192
1763920675,1.06648,1.06676,1.06545,1.06571,98
1763920735,1.06571,1.06576,1.06539,1.06557,172
1763920795,1.06557,1.06613,1.06556,1.06591,153
1763920855,1.06591,1.06615,1.06574,1.06578,194
1763920915,1.06578,1.06676,1.0654,1.06643,56
1763920975,1.06643,1.06683,1.06546,1.06582,51
1763921035,1.06582,1.0666,1.06575,1.0663,167
1763921095,1.0663,1.06669,1.06523,1.06555,199
1763921155,1.06555,1.06567,1.06463,1.06495,135
1763921215,1.06495,1.06502,1.06427,1.06456,78
1763921275,1.06456,1.06495,1.06379,1.06412,62
1763921335,1.06412,1.06425,1.06395,1.06405,142
1763921395,1.06405,1.06442,1.064,1.06436,45
1763921455,1.06436,1.06512,1.06399,1.06504,14
1763921515,1.06504,1.06511,1.06484,1.06487,155
1763921575,1.06487,1.06568,1.06483,1.06563,131
1763921635,1.06563,1.06623,1.06561,1.06585,97
1763921695,1.06585,1.06647,1.06581,1.06622,34
1763921755,1.06622,1.06652,1.06586,1.06607,27
1763921815,1.06607,1.06639,1.06535,1.0656,42
1763921875,1.0656,1.06581,1.06559,1.06566,137
1763921935,1.06566,1.06596,1.0647,1.06501,83
1763921995,1.06501,1.06506,1.06445,1.06461,180
1763922055,1.06461,1.06474,1.06395,1.06405,90
1763922115,1.06405,1.06505,1.06369,1.06466,15
1763922175,1.06466,1.06521,1.06429,1.06517,172
1763922235,1.06517,1.06543,1.06454,1.06457,158
1763922295,1.06457,1.06536,1.06422,1.0652,81
1763922355,1.0652,1.06539,1.06497,1.06516,166
1763922415,1.06516,1.06564,1.06513,1.0656,97
1763922475,1.0656,1.0658,1.06477,1.065,97
1763922535,1.065,1.06532,1.06389,1.06421,102
1763922595,1.06421,1.06455,1.06392,1.06408,196
1763922655,1.06408,1.06443,1.06341,1.06346,71
1763922715,1.06346,1.06372,1.06275,1.06304,99
1763922775,1.06304,1.06363,1.06293,1.06328,88
1763922835,1.06328,1.06361,1.06292,1.06334,100
1763922895,1.06334,1.06372,1.06307,1.0636,25
1763922955,1.0636,1.0642,1.06336,1.064,123
1763923015,1.064,1.0641,1.06352,1.0636,32
1763923075,1.0636,1.06365,1.06319,1.06357,177
1763923135,1.06357,1.06357,1.06275,1.06296,85
1763923195,1.06296,1.06313,1.06249,1.06253,177
1763923255,1.06253,1.06287,1.06175,1.06185,188
1763923315,1.06185,1.0621,1.06154,1.06166,106
1763923375,1.06166,1.06204,1.06094,1.06097,169
1763923435,1.06097,1.06128,1.06078,1.06107,184
1763923495,1.06107,1.06203,1.06096,1.06168,139
1763923555,1.06168,1.06209,1.06149,1.06194,100
1763923615,1.06194,1.06225,1.06109,1.06135,19
1763923675,1.06135,1.06168,1.06124,1.06144,81
1763923735,1.06144,1.06167,1.06112,1.06142,160
1763923795,1.06142,1.06168,1.06092,1.06114,142
1763923855,1.06114,1.06129,1.06038,1.0606,113
1763923915,1.0606,1.06075,1.06017,1.06033,108
1763923975,1.06033,1.06073,1.06023,1.06048,26
1763924035,1.06048,1.06067,1.05985,1.06005,61
1763924095,1.06005,1.06038,1.05973,1.06009,18
1763924155,1.06009,1.06063,1.06004,1.0604,71
1763924215,1.0604,1.06105,1.06016,1.06104,141
1763924275,1.06104,1.06206,1.06093,1.06178,195
1763924335,1.06178,1.06217,1.06122,1.0614,81
1763924395,1.0614,1.06161,1.06062,1.0607,195
1763924455,1.0607,1.06074,1.05969,1.06008,171
1763924515,1.06008,1.06039,1.0598,1.06004,48
1763924575,1.06004,1.06012,1.05953,1.05986,151
1763924635,1.05986,1.0599,1.05932,1.05972,90
1763924695,1.05972,1.0598,1.05941,1.05966,125
1763924755,1.05966,1.0599,1.05934,1.05961,200
1763924815,1.05961,1.06077,1.05945,1.06041,49
1763924875,1.06041,1.06072,1.06014,1.06058,17
1763924935,1.06058,1.06119,1.06049,1.06092,28
1763924995,1.06092,1.0619,1.06092,1.06169,20
1763925055,1.06169,1.06182,1.0607,1.06105,163
1763925115,1.06105,1.06129,1.06085,1.06105,63
1763925175,1.06105,1.06168,1.06101,1.06167,107
1763925235,1.06167,1.06183,1.06097,1.06123,40
1763925295,1.06123,1.06133,1.0604,1.06077,13
1763925355,1.06077,1.06136,1.06061,1.06122,36
1763925415,1.06122,1.06173,1.06115,1.06158,43
1763925475,1.06158,1.06167,1.0605,1.06084,56
1763925535,1.06084,1.06165,1.06075,1.06136,44
1763925595,1.06136,1.06168,1.0603,1.06056,109
1763925655,1.06056,1.06057,1.06002,1.06039,180
1763925715,1.06039,1.06071,1.06034,1.06034,63
1763925775,1.06034,1.06053,1.05959,1.05963,186
1763925835,1.05963,1.06059,1.05947,1.06039,130
1763925895,1.06039,1.06047,1.0601,1.06024,81
1763925955,1.06024,1.06058,1.05915,1.05952,12
1763926015,1.05952,1.0607,1.05918,1.06031,116
1763926075,1.06031,1.0605,1.05958,1.05959,162
1763926135,1.05959,1.06013,1.05938,1.05995,68
1763926195,1.05995,1.06012,1.05939,1.05972,27
1763926255,1.05972,1.0601,1.05925,1.05961,45
1763926315,1.05961,1.05963,1.05911,1.05927,92
1763926375,1.05927,1.05989,1.05915,1.05982,192
1763926435,1.05982,1.06,1.05914,1.05917,51
1763926495,1.05917,1.05932,1.05895,1.05919,161
1763926555,1.05919,1.05929,1.05819,1.0585,28
1763926615,1.0585,1.05864,1.05782,1.05812,177
1763926675,1.05812,1.05833,1.05783,1.05809,75
1763926735,1.05809,1.05827,1.05793,1.05816,41
1763926795,1.05816,1.05904,1.05806,1.05872,105
1763926855,1.05872,1.05894,1.05827,1.05852,150
1763926915,1.05852,1.05879,1.05783,1.05794,151
1763926975,1.05794,1.05809,1.05751,1.05768,147
1763927035,1.05768,1.05835,1.05756,1.05832,115
1763927095,1.05832,1.05879,1.05803,1.05873,66
1763927155,1.05873,1.05894,1.05816,1.05835,193
1763927215,1.05835,1.05922,1.05819,1.05893,193
1763927275,1.05893,1.05915,1.05859,1.05911,44
1763927335,1.05911,1.05945,1.05852,1.05855,178
1763927395,1.05855,1.05884,1.05827,1.0587,96
1763927455,1.0587,1.059,1.05845,1.05849,120
1763927515,1.05849,1.05891,1.05836,1.05854,118
1763927575,1.05854,1.05961,1.05841,1.05924,168
1763927635,1.05924,1.05941,1.05837,1.05861,186
1763927695,1.05861,1.05891,1.05831,1.05883,157
1763927755,1.05883,1.05906,1.05827,1.05833,104
1763927815,1.05833,1.05889,1.05813,1.05883,13
1763927875,1.05883,1.0589,1.05777,1.05809,66
1763927935,1.05809,1.05901,1.05795,1.05882,90
1763927995,1.05882,1.05904,1.05829,1.05851,48
1763928055,1.05851,1.05887,1.05817,1.05828,139
1763928115,1.05828,1.05848,1.05778,1.05794,100
1763928175,1.05794,1.05804,1.05744,1.05755,167
1763928235,1.05755,1.05856,1.05749,1.05825,65
1763928295,1.05825,1.05921,1.05787,1.05885,157
1763928355,1.05885,1.05975,1.05871,1.05951,121
1763928415,1.05951,1.05966,1.05899,1.05929,133
1763928475,1.05929,1.06022,1.05919,1.06005,197
1763928535,1.06005,1.06029,1.05956,1.05993,149
1763928595,1.05993,1.0602,1.05979,1.0601,69
1763928655,1.0601,1.06075,1.06008,1.06039,76
1763928715,1.06039,1.06072,1.05969,1.05995,164
1763928775,1.05995,1.06019,1.05932,1.05959,149
1763928835,1.05959,1.05997,1.05862,1.05882,117
1763928895,1.05882,1.05977,1.05877,1.05941,158
1763928955,1.05941,1.05967,1.05892,1.0593,123
1763929015,1.0593,1.05996,1.05924,1.0599,165
1763929075,1.0599,1.06041,1.05965,1.06006,33
1763929135,1.06006,1.06077,1.05981,1.06074,157
1763929195,1.06074,1.06096,1.06052,1.06071,102
1763929255,1.06071,1.06092,1.06016,1.06052,158
1763929315,1.06052,1.06082,1.06051,1.06067,26
1763929375,1.06067,1.0609,1.05974,1.05992,146
1763929435,1.05992,1.06011,1.0592,1.05932,50
1763929495,1.05932,1.05936,1.05876,1.05884,29
1763929555,1.05884,1.05888,1.05778,1.05818,137
1763929615,1.05818,1.05914,1.05792,1.05892,189
1763929675,1.05892,1.0597,1.05871,1.0596,84
1763929735,1.0596,1.06022,1.05953,1.06013,168
1763929795,1.06013,1.06035,1.0594,1.05945,98
1763929855,1.05945,1.05983,1.05888,1.05897,159
1763929915,1.05897,1.05907,1.05832,1.05845,61
1763929975,1.05845,1.05922,1.05809,1.05915,60
1763930035,1.05915,1.05946,1.05868,1.05874,91
1763930095,1.05874,1.0589,1.0576,1.05794,109
1763930155,1.05794,1.05874,1.05788,1.05839,198
1763930215,1.05839,1.05852,1.05807,1.05809,104
1763930275,1.05809,1.05826,1.05762,1.05791,191
1763930335,1.05791,1.05844,1.05774,1.05837,27
1763930395,1.05837,1.05874,1.05799,1.05851,93
1763930455,1.05851,1.05869,1.05774,1.05787,11
1763930515,1.05787,1.05809,1.05771,1.05788,154
1763930575,1.05788,1.05814,1.05777,1.0578,82
1763930635,1.0578,1.05813,1.05769,1.05805,194
1763930695,1.05805,1.05815,1.05758,1.05797,142
1763930755,1.05797,1.05833,1.05741,1.05761,60
1763930815,1.05761,1.05772,1.05654,1.05686,159
1763930875,1.05686,1.05698,1.05636,1.0567,60
1763930935,1.0567,1.05728,1.05641,1.05706,140
1763930995,1.05706,1.05782,1.05679,1.05765,15
1763931055,1.05765,1.05823,1.05747,1.05801,158
1763931115,1.05801,1.0588,1.05797,1.05875,53
1763931175,1.05875,1.05904,1.05846,1.05857,64
1763931235,1.05857,1.059,1.05819,1.05896,95
1763931295,1.05896,1.05899,1.05834,1.05841,197
1763931355,1.05841,1.05857,1.05804,1.05833,176
1763931415,1.05833,1.05849,1.05802,1.05828,104
1763931475,1.05828,1.05844,1.05793,1.05819,199
1763931535,1.05819,1.05855,1.05813,1.05824,55
1763931595,1.05824,1.05911,1.05814,1.05892,186
1763931655,1.05892,1.05908,1.05816,1.05851,147
1763931715,1.05851,1.05929,1.05836,1.05899,52
1763931775,1.05899,1.05929,1.05843,1.05868,153
1763931835,1.05868,1.05882,1.0584,1.0588,78
1763931895,1.0588,1.05885,1.05818,1.0585,39
1763931955,1.0585,1.05891,1.0583,1.05868,113
1763932015,1.05868,1.05965,1.0585,1.05927,175
1763932075,1.05927,1.05931,1.05868,1.05883,154
1763932135,1.05883,1.05919,1.05772,1.05806,17
1763932195,1.05806,1.05809,1.05745,1.05763,156
1763932255,1.05763,1.05868,1.05753,1.05837,24
1763932315,1.05837,1.05886,1.05809,1.05854,128
1763932375,1.05854,1.05949,1.05838,1.05925,174
1763932435,1.05925,1.05932,1.05816,1.05847,199
1763932495,1.05847,1.05899,1.05812,1.05872,38
1763932555,1.05872,1.05902,1.05845,1.05883,183
1763932615,1.05883,1.05887,1.05844,1.05861,78
1763932675,1.05861,1.05955,1.05833,1.05931,95
1763932735,1.05931,1.05951,1.05901,1.05907,50
1763932795,1.05907,1.05909,1.05851,1.05887,57
1763932855,1.05887,1.059,1.05802,1.05838,63
1763932915,1.05838,1.05913,1.05811,1.05911,199
1763932975,1.05911,1.06023,1.05889,1.05988,135
1763933035,1.05988,1.06012,1.05962,1.05997,49
1763933095,1.05997,1.06053,1.05984,1.06052,28
1763933155,1.06052,1.06068,1.06008,1.06047,177
1763933215,1.06047,1.06132,1.06021,1.06099,32
1763933275,1.06099,1.06126,1.06022,1.06055,111
1763933335,1.06055,1.06098,1.06025,1.06064,24
1763933395,1.06064,1.06074,1.0605,1.06066,124
1763933455,1.06066,1.06093,1.06028,1.06079,103
1763933515,1.06079,1.06118,1.06025,1.06036,52
1763933575,1.06036,1.06061,1.05988,1.06022,78
1763933635,1.06022,1.06035,1.05979,1.06011,68
1763933695,1.06011,1.06032,1.05931,1.05931,166
1763933755,1.05931,1.06031,1.05918,1.05996,137
1763933815,1.05996,1.0603,1.05955,1.0598,28
1763933875,1.0598,1.06075,1.05957,1.06044,88
1763933935,1.06044,1.06052,1.05967,1.05991,66
1763933995,1.05991,1.06072,1.05984,1.06035,114
1763934055,1.06035,1.06036,1.05952,1.05987,159
1763934115,1.05987,1.06022,1.0595,1.05995,163
1763934175,1.05995,1.06079,1.05988,1.06067,57
1763934235,1.06067,1.06085,1.05957,1.05995,194
1763934295,1.05995,1.0608,1.05993,1.06058,60
1763934355,1.06058,1.06103,1.06019,1.06099,181
1763934415,1.06099,1.06207,1.06061,1.06167,46
1763934475,1.06167,1.06202,1.06147,1.06186,149
1763934535,1.06186,1.06232,1.06166,1.06204,158
1763934595,1.06204,1.0624,1.06191,1.06195,139
1763934655,1.06195,1.06209,1.06175,1.06189,192
1763934715,1.06189,1.06236,1.06179,1.06198,145
1763934775,1.06198,1.06261,1.06188,1.06257,74
1763934835,1.06257,1.06267,1.06225,1.0626,21
1763934895,1.0626,1.06296,1.06229,1.06296,22
1763934955,1.06296,1.063,1.06207,1.06226,113
1763935015,1.06226,1.06277,1.06221,1.06252,38
1763935075,1.06252,1.06314,1.06234,1.06282,115
1763935135,1.06282,1.06345,1.06257,1.06343,68
1763935195,1.06343,1.06399,1.06329,1.0639,91
1763935255,1.0639,1.06393,1.06319,1.06335,61
1763935315,1.06335,1.06431,1.06315,1.06411,184
1763935375,1.06411,1.06471,1.06373,1.0646,175
1763935435,1.0646,1.06481,1.06436,1.06474,140
1763935495,1.06474,1.06493,1.06402,1.0642,71
1763935555,1.0642,1.06428,1.06332,1.06353,163
1763935615,1.06353,1.06372,1.06242,1.06279,142
1763935675,1.06279,1.06356,1.06243,1.06327,106
1763935735,1.06327,1.06415,1.06307,1.06403,198
1763935795,1.06403,1.06432,1.06332,1.06337,62
1763935855,1.06337,1.06391,1.06301,1.06384,12
1763935915,1.06384,1.06402,1.06304,1.06335,162
1763935975,1.06335,1.06337,1.06318,1.06325,93
1763936035,1.06325,1.06327,1.06287,1.06313,81
1763936095,1.06313,1.064,1.06282,1.06384,71
1763936155,1.06384,1.06387,1.06318,1.06349,118
1763936215,1.06349,1.06406,1.0634,1.06384,190
1763936275,1.06384,1.06455,1.0637,1.06445,162
1763936335,1.06445,1.06511,1.06426,1.06482,26
1763936395,1.06482,1.06504,1.06452,1.06501,118
1763936455,1.06501,1.0651,1.06482,1.06493,137
1763936515,1.06493,1.06527,1.06462,1.06494,111
1763936575,1.06494,1.06549,1.06476,1.06515,39
1763936635,1.06515,1.06547,1.06484,1.06505,41
1763936695,1.06505,1.06552,1.06486,1.06536,58
1763936755,1.06536,1.06563,1.06494,1.06496,33
1763936815,1.06496,1.06514,1.06395,1.0643,50
1763936875,1.0643,1.06441,1.06387,1.06389,179
1763936935,1.06389,1.06402,1.06319,1.06356,81
1763936995,1.06356,1.06447,1.06333,1.06436,168
1763937055,1.06436,1.06527,1.06409,1.06489,19
1763937115,1.06489,1.06532,1.06453,1.06531,112
1763937175,1.06531,1.06605,1.06514,1.06602,153
1763937235,1.06602,1.06641,1.06592,1.06622,84
1763937295,1.06622,1.06633,1.06594,1.06611,127
1763937355,1.06611,1.06716,1.06597,1.06687,136
1763937415,1.06687,1.06702,1.06643,1.06648,20
1763937475,1.06648,1.06657,1.06581,1.06594,93
1763937535,1.06594,1.06643,1.06577,1.06614,184
1763937595,1.06614,1.0666,1.0659,1.06626,164
1763937655,1.06626,1.06648,1.0661,1.06642,84
1763937715,1.06642,1.06687,1.06623,1.06681,133
1763937775,1.06681,1.06685,1.06619,1.06621,110
1763937835,1.06621,1.06684,1.0661,1.06672,74
1763937895,1.06672,1.0673,1.0667,1.06727,95
1763937955,1.06727,1.0684,1.06719,1.06801,181
1763938015,1.06801,1.06806,1.06759,1.06791,167
1763938075,1.06791,1.06816,1.0673,1.06748,128
1763938135,1.06748,1.06762,1.06717,1.06722,83
1763938195,1.06722,1.06741,1.06704,1.06729,193
1763938255,1.06729,1.06734,1.06636,1.0666,117
1763938315,1.0666,1.06692,1.06633,1.06642,143
1763938375,1.06642,1.06681,1.06627,1.06633,66
1763938435,1.06633,1.0664,1.06621,1.06631,193
1763938495,1.06631,1.06737,1.06625,1.067,194
1763938555,1.067,1.06731,1.06644,1.0667,126
1763938615,1.0667,1.06705,1.06647,1.06655,199
1763938675,1.06655,1.06712,1.06653,1.06675,45
1763938735,1.06675,1.06688,1.06572,1.06598,193
1763938795,1.06598,1.06648,1.06566,1.06619,73
1763938855,1.06619,1.06646,1.06529,1.06543,68
1763938915,1.06543,1.06637,1.06538,1.06612,71
1763938975,1.06612,1.06664,1.06578,1.06653,96
1763939035,1.06653,1.06719,1.06621,1.06707,95
1763939095,1.06707,1.06715,1.06615,1.0665,147
1763939155,1.0665,1.06725,1.06612,1.06688,166
1763939215,1.06688,1.06716,1.06602,1.06636,87
1763939275,1.06636,1.06665,1.06629,1.06661,118
1763939335,1.06661,1.06671,1.06615,1.06646,123
1763939395,1.06646,1.0668,1.06599,1.06605,200
1763939455,1.06605,1.0667,1.066,1.06668,94
1763939515,1.06668,1.06697,1.06592,1.06595,132
1763939575,1.06595,1.06614,1.06587,1.06599,177
1763939635,1.06599,1.06633,1.06583,1.06632,44
1763939695,1.06632,1.06706,1.06598,1.0669,79
1763939755,1.0669,1.06723,1.06675,1.06678,78
1763939815,1.06678,1.06705,1.06598,1.06602,76
1763939875,1.06602,1.06626,1.06575,1.06623,190
1763939935,1.06623,1.0663,1.06574,1.06584,57
1763939995,1.06584,1.06627,1.06571,1.06596,15
1763940055,1.06596,1.06656,1.06588,1.06622,188
1763940115,1.06622,1.06651,1.06601,1.06603,160
1763940175,1.06603,1.06616,1.06596,1.06597,162
1763940235,1.06597,1.06646,1.06592,1.0661,35
1763940295,1.0661,1.06689,1.066,1.0666,10
1763940355,1.0666,1.0668,1.06568,1.06601,89
1763940415,1.06601,1.06639,1.06582,1.06637,100
1763940475,1.06637,1.06666,1.06632,1.06649,157
1763940535,1.06649,1.0667,1.06591,1.06607,178
1763940595,1.06607,1.06697,1.06588,1.06678,164
1763940655,1.06678,1.06696,1.06637,1.06646,31
1763940715,1.06646,1.06661,1.06587,1.06614,109
1763940775,1.06614,1.06648,1.0653,1.06539,177
1763940835,1.06539,1.06578,1.06444,1.0646,28
1763940895,1.0646,1.06489,1.064,1.06415,130
1763940955,1.06415,1.06432,1.06334,1.0637,191
1763941015,1.0637,1.06371,1.06299,1.06321,175
1763941075,1.06321,1.06344,1.06233,1.06254,94
1763941135,1.06254,1.06285,1.06221,1.06241,191
1763941195,1.06241,1.0626,1.06159,1.06163,120
1763941255,1.06163,1.06206,1.06158,1.062,138
1763941315,1.062,1.06237,1.06161,1.06164,189
1763941375,1.06164,1.06188,1.061,1.06123,193
1763941435,1.06123,1.06183,1.06088,1.06148,132
1763941495,1.06148,1.06161,1.0612,1.0615,75
1763941555,1.0615,1.06179,1.06115,1.06124,155
1763941615,1.06124,1.06146,1.0605,1.06082,74
1763941675,1.06082,1.06082,1.06072,1.06078,126
1763941735,1.06078,1.06165,1.06057,1.06149,86
1763941795,1.06149,1.0621,1.06121,1.06202,141
1763941855,1.06202,1.06306,1.06187,1.06273,14
1763941915,1.06273,1.06379,1.06255,1.06353,161
1763941975,1.06353,1.06392,1.0633,1.06367,54
1763942035,1.06367,1.06387,1.06284,1.06302,70
1763942095,1.06302,1.06319,1.06218,1.06243,78
1763942155,1.06243,1.06269,1.06209,1.06223,155
1763942215,1.06223,1.06247,1.06217,1.06246,151
1763942275,1.06246,1.06316,1.06206,1.06287,98
1763942335,1.06287,1.06367,1.06252,1.06331,10
1763942395,1.06331,1.06372,1.06326,1.06336,62
1763942455,1.06336,1.06438,1.06327,1.06409,181
1763942515,1.06409,1.06443,1.06322,1.06335,88
1763942575,1.06335,1.06405,1.06321,1.06374,172
1763942635,1.06374,1.06406,1.06258,1.06296,89
1763942695,1.06296,1.06312,1.06216,1.06225,152
1763942755,1.06225,1.06276,1.06209,1.06239,38
1763942815,1.06239,1.0624,1.06184,1.06204,171
1763942875,1.06204,1.06239,1.06112,1.06131,199
1763942935,1.06131,1.06216,1.06108,1.06203,176
1763942995,1.06203,1.06276,1.06189,1.06269,31
1763943055,1.06269,1.06292,1.06259,1.06275,62
1763943115,1.06275,1.06326,1.06266,1.06318,74
1763943175,1.06318,1.06405,1.06283,1.06379,178
1763943235,1.06379,1.06385,1.06342,1.06371,27
1763943295,1.06371,1.06393,1.06335,1.06368,119
1763943355,1.06368,1.06395,1.06284,1.06309,194
1763943415,1.06309,1.06326,1.0629,1.06299,17
1763943475,1.06299,1.06383,1.0629,1.06353,11
1763943535,1.06353,1.06358,1.06323,1.06344,17
1763943595,1.06344,1.06379,1.06296,1.06335,69
1763943655,1.06335,1.06367,1.06246,1.06268,147
1763943715,1.06268,1.06306,1.0621,1.06214,147
1763943775,1.06214,1.06264,1.06186,1.06226,12
1763943835,1.06226,1.06264,1.06203,1.06263,43
1763943895,1.06263,1.06294,1.06259,1.06273,48
1763943955,1.06273,1.06359,1.06254,1.0632,59
1763944015,1.0632,1.06357,1.06248,1.06255,164
1763944075,1.06255,1.06287,1.06222,1.06234,23
1763944135,1.06234,1.06265,1.06154,1.06157,137
1763944195,1.06157,1.06185,1.06128,1.06178,119
1763944255,1.06178,1.06236,1.06165,1.06231,23
1763944315,1.06231,1.06253,1.06218,1.06247,106
1763944375,1.06247,1.06284,1.06175,1.06191,144
1763944435,1.06191,1.06211,1.06116,1.06121,76
1763944495,1.06121,1.06156,1.06091,1.06115,88
1763944555,1.06115,1.0615,1.06005,1.06038,20
1763944615,1.06038,1.06074,1.0598,1.05983,164
1763944675,1.05983,1.06071,1.0597,1.06039,157
1763944735,1.06039,1.06047,1.05982,1.06013,129
1763944795,1.06013,1.06044,1.05983,1.05983,50
1763944855,1.05983,1.06003,1.05879,1.0591,145
1763944915,1.0591,1.05941,1.05869,1.059,98
1763944975,1.059,1.0594,1.05889,1.05898,113
1763945035,1.05898,1.05953,1.05876,1.05946,113
1763945095,1.05946,1.05989,1.05913,1.05962,102
1763945155,1.05962,1.05983,1.05915,1.05929,118
1763945215,1.05929,1.05931,1.05882,1.05902,11
1763945275,1.05902,1.05996,1.05865,1.05971,165
1763945335,1.05971,1.06011,1.05901,1.05915,30
1763945395,1.05915,1.05937,1.05902,1.05917,40
1763945455,1.05917,1.05976,1.05882,1.05976,31
1763945515,1.05976,1.06055,1.05975,1.06018,138
1763945575,1.06018,1.06127,1.05987,1.06089,36
1763945635,1.06089,1.06097,1.06027,1.06036,80
1763945695,1.06036,1.06073,1.06021,1.06029,141
1763945755,1.06029,1.06055,1.06012,1.06027,197
1763945815,1.06027,1.06094,1.06016,1.06093,64
1763945875,1.06093,1.06101,1.06051,1.06077,118
1763945935,1.06077,1.06101,1.06003,1.0603,167
1763945995,1.0603,1.06082,1.05992,1.06053,157
1763946055,1.06053,1.06115,1.06038,1.06075,112
1763946115,1.06075,1.06081,1.06038,1.06076,143
1763946175,1.06076,1.06101,1.06054,1.06064,114
1763946235,1.06064,1.06096,1.05948,1.05985,104
1763946295,1.05985,1.06024,1.05955,1.05965,123
1763946355,1.05965,1.06038,1.05937,1.06004,49
1763946415,1.06004,1.0602,1.05974,1.05984,76
1763946475,1.05984,1.06022,1.05939,1.05971,143
1763946535,1.05971,1.06006,1.05931,1.05949,149
1763946595,1.05949,1.06049,1.05947,1.0601,197
1763946655,1.0601,1.06038,1.05926,1.05948,153
1763946715,1.05948,1.05948,1.05915,1.05944,74
1763946775,1.05944,1.05976,1.05844,1.05878,93
1763946835,1.05878,1.05907,1.05839,1.05869,100
1763946895,1.05869,1.05886,1.05864,1.0587,149
1763946955,1.0587,1.05929,1.05858,1.05897,14
1763947015,1.05897,1.05975,1.05859,1.05959,76
1763947075,1.05959,1.05963,1.05897,1.05923,185
1763947135,1.05923,1.05975,1.05895,1.05972,177
1763947195,1.05972,1.06006,1.05951,1.05981,29
1763947255,1.05981,1.06008,1.05917,1.05937,181
1763947315,1.05937,1.06006,1.05926,1.0599,35
1763947375,1.0599,1.06003,1.0593,1.05931,49
1763947435,1.05931,1.05945,1.05865,1.05902,83
1763947495,1.05902,1.05935,1.05825,1.0583,16
1763947555,1.0583,1.05862,1.05727,1.05765,80
1763947615,1.05765,1.05798,1.05757,1.05762,129
1763947675,1.05762,1.05767,1.05681,1.05701,140
1763947735,1.05701,1.05709,1.057,1.05708,27
1763947795,1.05708,1.05787,1.05669,1.05755,159
1763947855,1.05755,1.05779,1.05753,1.05767,105
1763947915,1.05767,1.05801,1.05728,1.05757,181
1763947975,1.05757,1.05774,1.05725,1.05748,39
1763948035,1.05748,1.05761,1.05699,1.05726,38
1763948095,1.05726,1.05759,1.05675,1.05711,72
1763948155,1.05711,1.05768,1.05688,1.0574,79
1763948215,1.0574,1.05802,1.05718,1.05796,195
1763948275,1.05796,1.0583,1.05702,1.05735,65
1763948335,1.05735,1.05756,1.05647,1.05659,176
1763948395,1.05659,1.0568,1.056,1.05631,158
1763948455,1.05631,1.05699,1.05625,1.05684,75
1763948515,1.05684,1.05772,1.05659,1.05741,116
1763948575,1.05741,1.05771,1.05705,1.0573,128
1763948635,1.0573,1.05773,1.0572,1.05739,87
1763948695,1.05739,1.05792,1.0573,1.05791,69
1763948755,1.05791,1.05806,1.05699,1.05739,139
1763948815,1.05739,1.05809,1.0571,1.05807,57
1763948875,1.05807,1.05887,1.05803,1.05847,191
1763948935,1.05847,1.05855,1.05784,1.05784,82
1763948995,1.05784,1.05822,1.05742,1.05772,165
1763949055,1.05772,1.05795,1.05743,1.0579,38
1763949115,1.0579,1.05807,1.05703,1.05742,82
1763949175,1.05742,1.05812,1.05709,1.0581,142
1763949235,1.0581,1.05866,1.05777,1.05832,66
1763949295,1.05832,1.0588,1.05806,1.05879,130
1763949355,1.05879,1.05925,1.0586,1.05903,162
1763949415,1.05903,1.05905,1.0583,1.05834,85
1763949475,1.05834,1.05883,1.058,1.0588,10
1763949535,1.0588,1.05895,1.05838,1.05855,159
1763949595,1.05855,1.05887,1.05783,1.05808,189
1763949655,1.05808,1.05867,1.05779,1.05827,39
1763949715,1.05827,1.05901,1.05818,1.05885,200
1763949775,1.05885,1.05921,1.05829,1.05843,36
1763949835,1.05843,1.05885,1.05829,1.05861,36
1763949895,1.05861,1.05897,1.05808,1.05847,147
1763949955,1.05847,1.05882,1.05756,1.05791,191
1763950015,1.05791,1.0583,1.0568,1.05719,153
1763950075,1.05719,1.05739,1.05616,1.05642,11
1763950135,1.05642,1.05658,1.05547,1.05583,97
1763950195,1.05583,1.05618,1.05503,1.05505,32
1763950255,1.05505,1.05527,1.05444,1.05462,79
1763950315,1.05462,1.05508,1.05431,1.0547,181
1763950375,1.0547,1.05492,1.05413,1.05421,79
1763950435,1.05421,1.05421,1.05353,1.05364,169
1763950495,1.05364,1.05449,1.05352,1.05413,109
1763950555,1.05413,1.05452,1.05365,1.05391,52
1763950615,1.05391,1.05401,1.05318,1.05342,47
1763950675,1.05342,1.05358,1.05324,1.05326,73
1763950735,1.05326,1.05339,1.0528,1.0529,173
1763950795,1.0529,1.0538,1.05285,1.0536,20
1763950855,1.0536,1.05366,1.05264,1.05295,136
1763950915,1.05295,1.05299,1.05218,1.05255,40
1763950975,1.05255,1.05279,1.0517,1.05183,16
1763951035,1.05183,1.05234,1.05164,1.05211,164
1763951095,1.05211,1.05243,1.05174,1.05213,162
1763951155,1.05213,1.05296,1.05182,1.05278,161
1763951215,1.05278,1.05302,1.05252,1.05291,184
1763951275,1.05291,1.05328,1.05222,1.05242,171
1763951335,1.05242,1.05321,1.05234,1.05288,28
1763951395,1.05288,1.05358,1.05263,1.05325,106
1763951455,1.05325,1.054,1.05292,1.05365,12
1763951515,1.05365,1.0547,1.05328,1.05442,18
1763951575,1.05442,1.05541,1.05418,1.05507,161
1763951635,1.05507,1.0554,1.05501,1.05513,136
1763951695,1.05513,1.05571,1.05483,1.05533,161
1763951755,1.05533,1.05565,1.05479,1.05483,130
1763951815,1.05483,1.05553,1.05462,1.05516,46
1763951875,1.05516,1.05519,1.05472,1.0549,188
1763951935,1.0549,1.05523,1.05421,1.05446,94
1763951995,1.05446,1.05449,1.05408,1.05438,136
1763952055,1.05438,1.0551,1.0542,1.05495,28
1763952115,1.05495,1.05552,1.05479,1.05546,181
1763952175,1.05546,1.05556,1.05509,1.0551,61
1763952235,1.0551,1.05533,1.0543,1.05467,35
1763952295,1.05467,1.05522,1.0546,1.05492,134
1763952355,1.05492,1.0557,1.05471,1.0555,48
1763952415,1.0555,1.05613,1.05521,1.05604,54
1763952475,1.05604,1.05626,1.05557,1.05576,84
1763952535,1.05576,1.0561,1.05557,1.05599,170
1763952595,1.05599,1.05622,1.05565,1.05584,44
1763952655,1.05584,1.05589,1.05555,1.05571,96
1763952715,1.05571,1.05633,1.05567,1.05604,139
1763952775,1.05604,1.05606,1.05552,1.05573,54
1763952835,1.05573,1.05596,1.05547,1.05594,69
1763952895,1.05594,1.05659,1.05586,1.0563,160
1763952955,1.0563,1.05641,1.05548,1.05563,33
1763953015,1.05563,1.05627,1.05558,1.05591,62
1763953075,1.05591,1.05635,1.05571,1.05627,60
1763953135,1.05627,1.05645,1.056,1.05612,170
1763953195,1.05612,1.05674,1.05604,1.05665,158
1763953255,1.05665,1.05744,1.05627,1.05716,101
1763953315,1.05716,1.05797,1.05693,1.05786,196
1763953375,1.05786,1.05875,1.05774,1.05862,28
1763953435,1.05862,1.05887,1.05775,1.05813,134
1763953495,1.05813,1.05898,1.05786,1.05882,179
1763953555,1.05882,1.05902,1.05824,1.05841,135
1763953615,1.05841,1.05881,1.05827,1.05881,153
1763953675,1.05881,1.05898,1.05852,1.05862,12
1763953735,1.05862,1.05922,1.05834,1.05919,123
1763953795,1.05919,1.05946,1.05894,1.05939,100
1763953855,1.05939,1.05976,1.05838,1.05866,70
1763953915,1.05866,1.05868,1.05783,1.05791,78
1763953975,1.05791,1.05848,1.05751,1.05842,100
1763954035,1.05842,1.05904,1.05827,1.05879,71
1763954095,1.05879,1.05892,1.05828,1.0586,81
1763954155,1.0586,1.05909,1.05849,1.059,113
1763954215,1.059,1.05908,1.05869,1.05906,28
1763954275,1.05906,1.05912,1.05823,1.05859,184
1763954335,1.05859,1.05862,1.05801,1.05819,164
1763954395,1.05819,1.05852,1.05812,1.05847,136
1763954455,1.05847,1.05875,1.05818,1.05839,17
1763954515,1.05839,1.05866,1.05819,1.05852,113
1763954575,1.05852,1.0586,1.05765,1.05774,73
1763954635,1.05774,1.05782,1.0574,1.05748,109
1763954695,1.05748,1.05752,1.05708,1.05709,148
1763954755,1.05709,1.05747,1.05701,1.05701,94
